Q,A
"   , E, G, H ִ ̽ ȭ濡    εϿ, 'J  ,    ,   Ѹ, I 񽺷 '  ޽ ´",
    ߰  ð D   ʰڴٰ  D  Ͽ,
" װͱ Ѵٰ ߴ ""˾Ҵ""  ˾Ҵٴ  츮 踦 ҹٴ  ȴ'  Ͽ",
"   īī ޽ л 2018 Ʃ ǰ  3õ  䱸Ͽ(   2 Ѵ),  л ³Ͽ  ۼϿ  ʾҴ",
"""  Ȯμ ۼϵ Ͽ,   ۡ  𼭸 ۼ   'бȰ ' ϵ Ͽ,   ۡ  'б ط  бȰ '  ޶ ûϿ    б ƴϰ  ۡ  Ͽ  л ƴ϶   źϿ",
", ǰ ڡۡ   ۡ ǰ лκ б ϰ ִٴ  Ű޾ ̸ ġϿ,   ȫۡ۷κ ٽ б Ű ް б忡 ϰų  ġ  ʾ,   ӱ簡   3 ̳ ذ ϴ 쿡 شϿ б ħ б ȹ߻ ⺻ ɿ  б´åġȸ Ͽ ϴ ӿ ұϰ ̸  ʾ,    ۡ ð ߿ ҷ ""ǰ ۡ  ޾Ƶ̰, ̹ ϰ õ  ǵ  ð      Ȯմϴ",
"""  Ȯμ( 4ȣ) ۼϵ Ͽٰ Ѵ",
"  ܼ ϴ ޴ȭ  Ȯϴ  ġ ʰ   ݺ   ʴ´ٰ ϴ I  ƴϳİ ٱġ   ʴ  ߴٴ  ƴϳİ ߱ , ռ  б¿ б ϳ  Ǵ ڿ شѴٰ Ǵܵȴ",
"     I   ΰ ³׵  ١, ³׵ θ Ѵ١   Ϳ ԵǾ   ̸ ϱ Ͽ  Ȯϱ  ̾, ð  10 ̳,  I ȭؽõ Ͽٰ ϴ, ռ  ٿ         ¿ ݺ   ߱Ͽ, I ǿ ūҸ ߱ϱ⵵ Ͽ ǿ ߾ ,   ġ Ͽ 緮 Ż̳ 뿡 شѴٰ ⵵ ƴ",
 ģ  ִ տ F ʴ  ܽʹϱ ׹ غϰ ǹٴ   Ͽ,
"   ۼ ,  Hʵб 3г 1 л ۼ  F̰ D̿ 䳢ó  پ ؼ D̰ F  䳢ó  ھ",
 F̰  D̿ ձ⸦ ض ؼ D̴ ձ⸦ Ͽ,
 ĥ  F̴ D̿ Ŀ غ ߴ,
", D̴ F̰ Ű    ߴ",
 F̰ ̸  ؼ D̰   ģ ,
", F̰   D̿ Ŀ Ű鼭 ܽͶ ҷ",
" ׷   ڽ  E ־  ƹ  ٰ   ƴ϶ E    л G  ġϿ ' л 濡  ֵ ״' ̰,   ۼ  Ȯμ л  Ʒ ҷ  Ͽ ' ' 簡 Ǿ ִ",
 2óл  л ޴   ġ() Ǯ ڸ ɾ ִ ģ Ͽ л ޴ л ģ ڸ޽  ״ٴ ̴,
"    ֺ CCTV ִ ȮϿ, ܼ E   ƴ϶   ڿ ȭǷ ڰ Ͽ, ȭǿ      ڸ  ٰ CCTV ִٴ    ⵵ Ͽ",
 M N   ޽ ٸ  ˸ ʴ    䱸Ͽ  κ  5  Ͽ,
" ڵ   ٰ   ٿ   Ͽ ,  ȭ ǥ ų ȥְڴٴ    ϸ鼭 л ãų ãƿ ν,   Ȳ ص лμ  η     ۿ   ̰, ?л?ҾȰ 鼭 ᱹ       ִ",
 ׷ 2б⿡     ϸ鼭 ڰ ߰      ٸ鼭 ش  Ѵٰ Ͽ ٽ Ͱ ,
"  ü   ٸ ݿ ִ E ȭǷ ҷ   ֵ  , E  繰Կ ִ    Ű , Ÿ Ÿ ϱϰų    E ڽ    ϴ , ڸ  йϴ      Ǵ  ɺθ شѴ",
" б´å ġȸ( '  ġȸ' Ѵ)  ""  -  Dб 3г л  ü, ǰ, 信 Ͽٴ ȿ Ͽ ȸǸ Ͽ,  Ͽ б¿  å  ( 'б¿'̶ Ѵ) 17 1 8ȣ   ġ ǰϿ",
"  ȯ  E ʰ̷ ϴ  Ѿ E ̰ų  ߸ ٸ ̵  տ     Ͽ, E   Ѵٰų ڸ  ʴ´ٴ  ݼڷ E     Ͽ",
", F̰ D̺ ٸ ģ ض ؼ  ߴ",
" ׸ ü Ʒ  ű ؼ ""ȴ"" ߴ  "" ⸦ ִ ƴ      ϶"" ߴ",
" ׸  ڽ ⸦   ', '    "", """" ",
" ̶  ̳ ҹ  η ""׷"" ߴ', 'ȸȴ",
", '() л ȭǿ л  ߴ",
"   б б´åġȸ( ġȸ Ѵ)    ڽ  Cб 1г   D, E F( л顯̶ Ѵ)   ϰ ̵ Ű ϵ     Ͽ١ (    Ѵ)  Ͽ  б¿  å  (  16441ȣ ϺΰǱ  ,   б¿̶ Ѵ) 17 1 9ȣ  ó ϱ ǰϿ,   ǰ  Ͽ ó(   óС̶ Ѵ) Ͽ",
" 3г O, P, Q( 'л'̶ Ѵ)  ҿ ̺ Ʒ  ִ 3г R( 'л'̶ Ѵ) ߷  öƽ ̷߱ ϰ( '̺ '̶ Ѵ),   л ٳ   ٵø ԰   ߻Ͽ( '  б'̶ Ѵ)",
" ׹ غ񡯶 ϸ鼭  ٴ     D ̸  F ָ  D 踦 鼭   ٴ  װ  D F ÿ   ٴ (,   б¡̶ Ѵ)",
"  ڽŰ л ۵ Ǿ ִ  âϰ  ڱ Ϲ ޽ л鿡 Խñ   䱸Ͽµ,   л 1:1 ޽ ȭ ϸ鼭  л ̿ ְ޴   Ѿ 弳  ϴ  л ϰ л ǻ翡 Ͽ Ư (Խñ  ) ϵ ϴ  Ͽ",
"   G, L, F, M  ð ٸ л   ִ Ȳ I 弳 Ͽ, I ٸ  , N, O, H I  ãƿ 8 ռϿ źϸ  ʰڴٴ   ̸鼭 I ߱ϸ ϶ ٱġ Ͽ, ׷ Ͽ I   ޾Ҵ",
"   Ȳ  л  ""㸮 ִ  ""ų ""    Ӹ  ٴڿ "" ߾ , , Ÿ ̿  б  شϸ,  ε ̷ ߾   ϰ ִ",
" Dб б´åġȸ( '  ġȸ' Ѵ)   л Ͽ ' ,  , ٸ л л õ    ȴ'  ȸǸ Ͽ,  Ͽ б¿  å  ( 'б '̶ Ѵ) 17 1 8ȣ   ġ ǰϿ",
" F  ִ   ȶ ϸ鼭 ̸ Ѿ ,  ۿ  ٴ Ƿ FԼ հ 135,000  Ͽ'    Ͽ",ǰ
"  ۿ F ó  ǻ簡  ұϰ,   ó   Ӵϸ Ͽ  ӴϷκ Ӻ,    74,000 ̻   , ̸  ʰ ִ¹, ̴  ˿ شϴ μ б¿ شѴ",ǰ
"ռ  ŵ,  4ȣ 翡  ü  Ͽ Ǵ   ,    л    б Ҽ̹Ƿ, μ   л ͸   ־ ,   л å  ÷  ͸   ٰ ϴ, ̴ л     å̾  ̸ ؾ   ̴ ,   лκ ݺϿ ͸ ȯ 䱸޾  ƴϿ, л ӴϷκ  û ޾  ƹ ġ  ʾҴ   Ͽ ,      л  ظ  б¿ شѴ( ̿ ؼ ȭظ Ͽ   ġ    ٴ  ϳ, ̷    տ  Ͱ )",ǰ
" ǰ   ǰῡ    л  , ,    , ⼮, г   Ư̼ 35ð, ȣ Ư̼ 6ð ó( '  ó'̶ Ѵ) Ͽ",ǰ
"   D  ݾƶ,   Ͷ  ޻     Ʒ θ 翡 ɺθŴ,  ä(chapel) ð 翡  G л Բ   D 峭̶ ΰ  , D   κп Ͽ ݰϸ  Ǵ ൿ  ū  ұ ,   D    ų  ޶ ϴ 찡 ",ǰ
  ⿡ G 찳       ־,ǰ
   F    ٰ ߿ ־,ǰ
" D, G, H, I  ټ ޿  , , ǳȭ, 찳   ģ    ٴ  Ͽ",ǰ
" ׷   ε, ڰ      ̸  ǰ 䱸Ͽ,      ̶  ޽ ⵵ Ͽ, ָ   ʾҴٴ   б  ڸ Ͽ",ǰ
" ǰ   ȸ ǰῡ      B Ͽ '  D Ͽ Ȱ      ɺθ ,     䱸ϸ, ģ踦 ̰Ͽ  Ͽ, ð̳   Ȱ Ӹ  ư, ʵƮ(field trip) D ҿܽ״'  , Ư̼ 6ð, кθ Ư̼ 5ð ġ( ̸  '  ó', '  Ư̼ ó', '  кθ Ư̼ ó'̶ Ѵ) Ͽ",ǰ
" ڽſ  Ͽ  1б ޶  1,000 3~5   '  б½Ű( '  Ű' Ѵ) Ͽ",ǰ
" D   D   ķ ߿  ģ   õ  Ͽ,  D  Ͽٴ   ϰ  ݰ     ٸ ģ鿡    ߼ ʴ 밡 ݿ<4> ޶ 䱸Ͽ, ̿ D  ݿ ־ٴ  Ͽ",ǰ
"     ݼϰ ְ, غ   , л  ̾   ʴ  δ ൿ Ͽ  ̸ غϴ      ̸  ,      Ŀ лκ  Ͽ  ĿǴ ظ  ,    ó Ͽ б  Խÿ    Ͽ, ε  Խÿ ް   ſ ū   ϸ,   óп 緮 Ż  Ƿ ҵǾ Ѵ",ǰ
"   б  ̴ л ϰ,   л  ٸ б  Ͽ л б ãư л  ϰų ڵ Ѱ ձϴ   1    б Ͽµ,  л ,    ϴ ̴  ̰ ݺ ̷  شϿ  б¿ ġ ʿ  ̸ٰ  ϴ",ǰ
" б´å ġȸ( '  ġȸ' Ѵ)  ""  -  Dб 3г л  ü, ǰ, 信 Ͽٴ ȿ Ͽ ȸǸ Ͽ,  Ͽ б¿  å  ( 'б¿'̶ Ѵ) 17 1 8ȣ   ġ ǰϿ",ǰ
"    ó  ް ,  D б 米翡 ""E  ¦ '   ' Ͽ, E üð Ǽ Ͽ Ƿ ٳѱ⸦ Ͽ  ȸ  ŸϿ""   'F  Ͽ  ο    2 ġᰡ ʿ ظ Ͽ, F      峭 Ͽ,  Ż ü ԿϿ SNS üȭ濡  ÷, F   ӴϷκ       ʾҴ'   б Ű Ͽ",ǰ
" ǰ    ġȸ û  '    ̿   ķ     б D , ,  ݰ յ   , ǰ   б Ͽ'   10ð Ư̼  5ð ȣ Ư̼ ġ Ͽ(   ġ  10ð Ư̼ ġ '  1ó', 5ð ȣ Ư̼ ġ '  2ó'  Ī Ѵ)",ǰ
" ռ    ,     ߾  D '  ', '  ', ' ݰ    ', 'ǰ  ' ü νϿ, ̸  ǻ翡  Ͽ",ǰ
" ׷  D    ϰ,  Ѵٴ ̸ Ʒ 20~30   ݰ   ְ ϴ  ְ, Ǹ Ѵٴ  ݿ Ͽ",ǰ
" D  E  '  ķ κ , , ǰ ,   Ͽ'  Ű Ͽ( '  Ű' Ѵ)",ǰ
" D    ķ ְ  '  ķ κ , , ǰ ,   Ͽ'  Ű Ͽ",ǰ
"ռ     4  6ȣ  翡  ü  Ͽ   ִ    ϸ,    ķ D , , , ǰ   ν  б¿ 2 1ȣ  'б'   ̴",ǰ
"    л ҷ Ȳ л η, 갨  ɸ   δ   Ȳ Բ л  ڷ,  Ȳ   ߴ   ε, F   б   ϰ,   Mα׷  Ŀ ٽ  Ͽ",
"  A 2017  ߼ ̸, л  Ѹ, л å ٸ  ǿ  θ, л   弳 ϰ, л ģ 'л ︮ ' ϸ, ٸ л л ̸ ̰ϴ  ̰ ݺ л Ͽ ɸ  Ͽ",
" ư  D, G, J  A  ٴϸ  A л  ɸ    Բ ų ̸ ŵµ, л ϰǰ ' G  A  Ͽ,  D, J  A л     ",
" ̿  ǰ   Ͽ ' E  ð   , ٸ ģ ︮  , E    '̶ ġ   ġȸ ǰ  ġװ   ó Ͽ( '  ó'̶ Ѵ)",
"  C H  ϰ ο , D  ο   ο ⸦ ϱ  I ҷ´",
   6 ο л   ų 弳 Ͽ  л ȥų  ־,
" ̿ F   Ͽµ,  ۼ Ȯμ '   ޶ ϰ, 翡 ɺθ Ű,  Ͽ ̰ ̸, 峭 D ̳ ߷ ġ   ֱ Ͽ, Ǹ   ƴϰ, D    ִٴ  '  Ǿ ִ",
"   ģ Ű  ԰, б ʹݿ J ׷  ־  ķδ  ߽ɿ  ־'  Ǿ ִ",
" ¥ ִ ', 'ϰ ϴ Ǯ<1> µ '   ԽϿ,  ģ ̿ Ͽ л ϰ  ϴ   ޾Ҵ",
"  л  Ϸ  ڽ  Ͽ, л  Ʒ ҷų бȸǸ  ϴ  б  ֵ  δ",
"   б б´åġȸ( '  ġȸ' Ѵ)    14 л , л F( 'л'̶ Ѵ)    Ÿб   ߻ ൿ  ,   ߻ ,  Ư л     Ȱ Ͽ",
" , 'G 3 E J ൿ 󱼿  ޴ȭ ϴ  ־'( '10 ' Ѵ), 'F, G, A E  忡   E ΰ Ƣڴ Ǹ ϰ ߴ'(  ' Ѵ) , ġȸ Ⱥ  ε ġȸ ̸   ǰ Ͽ",
" C    б л , л F, G Ͽ 'F G   Iʵб , Ʈ , м뱤   ܵϰ յ ҹ ´",
"  л鿡 Ͽٴ  ܵ ϴٰ ᱹ   Ǹ鼭   б 翡 ˷ Ǿ,   л ȣڰ  ŰԿ  , л      ȸ ֵ  δ",
" л ̿ 'Ió ȴ'  , Ϲ 'յ ȴ'  ǹ̿",
"  ʵб 'B  б   C, D, E, F, Gκ  ʰ   Ͽ' б ؽŰ Ͽ",
" ǰ л  ۡۿ      Ͽ  ۡ ϰų  Ͽ,    ۡ    ޾ ᱹ б ϰ Ǿ, ǰ θ ǰ л ȣǹ Ͽ",
" ǰ ڡۡ,   ۡ ǰ лκ      Ͽٴ Ű ް ̸ ġϿ ǰ л ҹ Ͽ,    б ħ б ȹ߻ ⺻ ɿ  'ӱ簡   3 ̳ ذ ϴ ' شϿ  ħ  б´åġȸ Ͽ ϴ ӿ ұϰ ̸  ʰ,    ۡ ð ߿ ҷ ""ǰ ۡ  ޾Ƶ̰, ̹ ϰ õ  ǵ  ð      Ȯմϴ",
"  17ȣ,  7ȣ     翡  ü  ¾    ǰ ۡ۰  ۡ ʱ⹰  ǰ     ۡ ȯ û ұϰ ̸   ʰ,  ʼ ǰ ۡۿ ̡ۡ  ۡۿ '(ǰ ۡۿ ̡ۡ  ۡ ڽ ǰ   ǰ鿡Դ ˷ ʴ  ൿ  ڽŵ    ̿  ܾ Ͽ)  '  ϰ,  ۡ 繰 ̸ǥ ''     Ͽ ǰ л  ۡۿ      ൿ   ǰ, ̷ Ͽ ǰ ۡ۴ 뱸κ ҳ⺸ȣóб ޱ⵵   ռ  ٿ ",
  D    ٸ ģ ϰ   ֿ  ҹ ´,
   Ȱ  ġ Ƿ ƿ  ð D  տ  л   ĥǿ D H ̸  D  赵 ׸ ׷鼭   Ȱο ҷ Ͽ Ͽ,
" ,     ð ģ鿡    ش   ȴ",
" ǰ  ü  Ͽ   ִ    ϸ,  б  л鿡 D  ȭŰ  Ͽ D   ϰ D 2 л ÿ ;ٴ   Ͽ D  Ѽ     Ƿ,   óл ȴ",
" ׷   K, J, M, N, O, I   л鿡 D   ޴ȭ Ͽٰ Ͽ D Ͽ  λ  Ͽ ,   D ; G D P ʹ  ١ Ͽ G Ͽ D ٸ ƴٴ ظ ϰ Ͽ ,   F, E D F, E     ȴ١ Ͽٰ   ̰, ̷ Ͽ F, E D ָϰ Ǿ ,   Ȱο 縦   Ƿ ƿ D  տ  л   ĥǿ D  赵 ׸ ׷   Ȱο ҷ  ϰ ð л鿡   D ɸ ũ ״   ߾ ,  ܼ D ̰ ־  ƴ϶ D  Ͻ D б޿ ?Ű Ͽ  δ",
"  A ٸ ģκ E  A Ѵٰ  ް  E ൿ  ϰ ϰ Ǿ,  ü Ⱑ E  ︮ ʴ Ȳ ڽ ȥ ٸ  ϸ  'յ' ϰڴٴ   ٸ ģ E   ۾ų   Ͽ",
" ׷ Ȱ "" 7  ο Ͽ ģ ̸  Ƿ",
"   б л E( л̶ Ѵ)     б  б´åġȸ ȸεǾ 鼭ó ޾Ұ,  óп     б ǿ    Ͽ  ϴ ڸ ",
" л  7ð   б   Ʒ ҷ , E, F    л( 'л'̶ Ѵ)κ б  ߻    ߱ Ͽ( ' '̶ Ѵ)",
" л G ۼ Ȯμ ' E Ѽ ڽ  л   Ͽ, H   ,   ü ⸦ ϰ  '  Ǿ ִ",
"     ᱹ б     ã´ٴ  Ͽ  л  ν Ѽա   μ б¿ ش  ƴ϶,    ߾ , л ƴ϶ л  л   ϴ   ߾ л  ư   Ȳ  ֵϿٰ   ִ",
 1óл  л ٸ л ̸ ̰Ͽٴ ̴,
"   ʵб '  B ʵб 4г ޻ C, D, E, F, G( 'C '̶ Ѵ)κ  ʰ ܵ Ͽ' б ؽŰ Ͽ",
" ǰ   ȸ ǰῡ      B Ͽ '  D Ͽ Ȱ      ɺθ ,     䱸ϸ, ģ踦 ̰Ͽ  Ͽ, ð̳   Ȱ Ӹ  ư, ʵƮ(field trip) D ҿܽ״'  , Ư̼ 6ð, кθ Ư̼ 5ð ġ( ̸  '  ó', '  Ư̼ ó', '  кθ Ư̼ ó'̶ Ѵ) Ͽ",
"   б б´åġȸ(Ʒ ġȸ Ѵ)   SNS E Īϴ  ÷  Ѽϰ   ־, E   ϰ E ģ ģ ︮   ൿ Ͽ ɸ ҾȰ న Ͽ",
 ư     ̳  Ǵ ̹    б л I Ż ظ  μ б¿  б¿ شѴٰ  Ÿϴ,
"   F ɽð ڰ ִ  л Ҹ   ϰ ٸ л  ų  л  ¦ Ǿٰ ϸ鼭 ¥ ų  л   "" "" ϰų "" ̻  , Iϰ  ٿ ڻѴ"" ϴ   Ⱓ ֵ  Ͽ",
"   б 2г⿡  ̴      л K, L, M( 'K '̶ Ѵ)κ б¿  å    Ѽ,   б Ͽ Ȳ  ȯ ΰ Ǿ",
"   б б´åġȸ( ġȸ Ѵ)   A SNS E Īϴ  ÷ л  Ѽϰ   ־, E   ϰ E ģ ģ ︮   ൿ Ͽ ɸ ҾȰ న Ͽ١   б¿  å  (  16441ȣ Ǳ  ,  б¿̶ Ѵ) 17 1 3ȣ   A б  2ð    3׿  л Ư 2ð ̼ ġ, 鿡 Ͽ ȣ Ư 2ð ̼ ġ ûϱ ǰϿ",
"  θ  '  ҹ Ʈ ģκ  ϴ ظ ԰ Ͽ' E, F б ŰϿ, ̿ E, F θ ' ,  κ    ġ '  б Ű Dʵб бⱸ   E, F Ͽ 2018⵵ 3ȸ б´åġȸ( '  ȸ' Ѵ) ϱ Ͽ",
" E ȣڴ  ߼ ǰ  '  л   ֵ E    б ߰, F  ϱ  G 󰡿 E ȴ'  б Ű Ͽ",
" ռ        36ȣ(ȣ ִ  ȣ ,  ),     Ǵ ,  ü  Ͽ ,    ó ġ   ܵ Ǵ D  ٸ л      ְ,   , ,   Ͽ л üŻ ظ ִ μ  б¿  б¿ شѴٰ  Ÿϴ",
"  ظ ޾Ҵٴ л D   Ͽ ũ '      ϴ ,  ɺθ Ű ,  TV ų  ð  ġ ,   Ű ,     ' ƯϿ ̸ ṵ̈ ϰǰ ϰ ְ, ޸  л   ź ô   ",
  P 츮  Ѿư,
"  б ӱ  б´åġȸ( 'ġȸ' Ѵ) "" ʺ л(, E, F, G, H,  Ʋ 'л'̶ Ѵ)   л I( 'л'̶ Ѵ) ϰ, ϰ, 弳 ϴ   ""  б ߻  ŰϿ, ̿ ġȸ ġȸ Ͽ",
" л ʸ ٹȭ л, ʵб 6г  'յ' ҹ ô޸  ޾Ұ, Dб   1г  ߿  ʵб ٳ Hκ  ޾Ҵ",
"   ߾ ǰǴ,      ŵ鿡  ü  Ͽ   ִ     鿡 ߾ , л , ݺϿ л  ϰų ϴ  л  ־,     Ͽ л ų ϰ     ִ¹,  ̷    ó  'б' شѴٰ  ϴ",
" ǰ б´åġȸ(, 'ġȸ' Ѵ) Ǹ   鿡 Ͽ "" 2017г⵵, 2018г⵵ 3 ʺ 4 ߼ Mб  л N(, 'л'̶ Ѵ)    Ͽ""  б¿  å  (, 'б¿'̶ Ѵ) 17    ó Ͽ(,  A  б  15ð ó   ó Ʋ '   ó'̶ Ѵ)",
"ռ   ǰ    ó ϸ鼭  "" 2017г⵵, 2018г⵵ 3 ʺ 4 ߼ Mб  л    Ͽ""  Ͽ ,  ü   Ͽ  ƴϿ",
 Fб ޻ G °  Ͽ  ޴ٰ  Ʈ ߵ ؽ  Ͽ ϱ  ڻ Ǵ  Ͽ,
" , л    Ȳ  лκ Ȳ  ۼ޴    Ͽµ,   ""  л 踦 ǿٰ ɷȴٴ  л ȴٴ ,  л ' ' ϶ Ͽ, κ 1m ̻  ´´ٰ Ͽ,  л    Ͽµ, л   л ȴٴ , л    ü ԰ Դٴ   л ȴٴ ,  ޽ıǿ л Ļ縦 Ѱ, л ޽   Ͽٴ ,  л  λ縦 ״ٴ ,   л ȴٴ '  ˰ Ǿ",
" E, F, K    б л 5  ' L  M л  <1>,  K   л鿡  ġ   ִ  弳 Ͽ'  б Ű Ͽ( '  Ű' Ѵ)",
 ׷ ٸ л л   ߾  ޽Ľ տ ڽ ī带 л  ܾ ϴ ô ϸ鼭 л 50  Ǿ   ޶󡯴  Ͽ,
"1 б° Ͽ,  A Ӵ  C    5г ӱ翡, ׸    ɽð ӽ ӱ翡Ե,  A F κ    ϰ  ˸鼭 ̿   ġ 䱸Ͽ,  F  ߻ Ŀ 15:30 ӽ ӱ翡 б ߻  ˷ȴ",
" ׷    б б ߻ Űϴ  ʿ ġ  ʾ,  A     F G ݺ б ϰ Ǿ",
 ǰ  б ǿ  Ȯ縦 ǽϿ  ڽ  Ͽ ' л ̸ ģ   л ΰ Ͽ,
"  ǿ ϸ, ǰ ۡ, ̡ۡ  ۡ ź ǻ縦 ǥϿ ұϰ   ݺ  ۡ ϰų     ǰ, ׷ Ͽ  ۡ ռ  ٿ  ɸ ޱ Ͽ¹,   ǰ л   ۡۿ    ҹ  ϴ",
" ׷  Ȱο  ͼ ģ ִ  ĥǿ D H  ̸  赵 ׸ ׷ȴ١  , ӱ  ӱ簡   θ𿡰  Ȱο ٳ  ĥǿ ԰ D Ͽ 赵 ׸鼭   ģ Ȱο  ̶ Ͽ D   ó ־١   Ǿ ִ ,  ģ   ġȸ ⼮Ͽ D A 赵 ׷ȴٰ ڱ⸦ յ ״ٰ ϴµ",
"̿ Ͽ ǰ,  ڽ νŸ׷   Խñ ۼϴ  G Ͽ  ϰų  Ǵ  Ͽ ̷ν б¿ شϴ  Ͽٰ Ѵ",
"     Ʈ J   л   л鿡   ߾  ϿԴ١  л鿡 Ͽٴ  ܵ ϴٰ ᱹ   Ǹ鼭 б翡 ˷ Ǿ,   л ȣڰ  ŰԿ    ȸ ֵǰ Ǿ",
"()  E ӱ 1г ȴ米 H  E кθκ ""E   1г 6 л , I, J, K, L, M  1г 7 л N, O, P, Q( '  10'̶ Ѵ)κ    Ͽ"" б Ű ޾Ҵ",
" C    б л , л H Ͽ 'H  ù° ֺ °  ̿ Iʵб , , ǽ,    ݺ "", յ, , ""   Ͽ  ϰ Ͽ",
" Dб 2г , E, F, G, H( ' л')    ʸ ٹȭ  лμ Dб 2г⿡   I( ' л') ϰ,  л ̸ '' ܾ Ͽ 'J' , ٸ ģ    л ̸ ϰ,  л ΰ ϸ  ɾ ϰų ¥ ϴ    Ͽ(  л ߻ Ϸ  ' '̶ ϰ,  л  '  ' Ѵ)",
 H( л̶ Ѵ) 뱸  ִ Iб(   б Ѵ) 1г 3ݿ  ̴    ޻ κ 6  °   Ͽ١  鿡  б Ű Ͽ,
"   ۼϿ  Ȯμ ' 7 üð  10  л  ִ ڸ  л  ҷ°, ȭ  , (߷) (лκ     "" ƴϾ, ¥ ƴϾ, ƴ϶!"" Ҹ   л) ""     Ӹä  ȾƵΰ ߰"", (  ︮) "" ö󰡼  ֵ   ״, ճ""  Ͽ,      ̵   (  ) ""     ˾Ƽ б ȴٴ Ŵϱ      "" Ͽ, л   ޾Ұ, (߷) л '   Ǿ ִ",
"  л  I  9   ڷ ""E ,  θ鼭 ų     ִ""  Ȯμ ۼϿ",
"   05:28 һ, ڰ   ʴ´ٴ   ޴ȭ ̿Ͽ ڿ ָ       Ͽ ڸ Ͽ",̹
"   04:14 һ, ڿ Hб ڰ Ͽ ڰ ̸ Ͽٴ   ޴ȭ ̿Ͽ ڿ óϰ ͳġ  ޽ Ͽ ڸ Ͽ",̹
"  ǿ Ͽ Ǵ,   óл ԵǾ ִ  ൿ л ˸ ԿϿ  л, ٸ ģ 2~3 ִ ü ȭ濡   Խ , л ø  ϴ  ִ ȭ ׸ , л ± ̽ Խù   ԵǾ ־ ̴",̹
" E ȭ  E Ƽ ԰  ߴ   Կ  Ϸ ĸ( '  '̶ Ѵ)Ͽ , E, G, H ִ ̽ ȭ濡 ø",̹
 ̽ ޽ E ģ I    ,̹
   ̽ ޽ I    Ͽ,̹
"  ִ  󡯶 ̾߱ Ͽ, л ˰ڴ١ ϰ   G ϱ η G ִ  ݴ ,    л ̽ Խñۿ E 06      ָ ν븶 ư ͳס л ϴ  ÷ȴ(   2  Ѵ)",̹
"    б ޻ E '̽  ŷ  ִ α׷ ޶' ŹϿ, E  Ź ޾Ƶ鿩 ŷα׷  ־",̹
" ش ŷα׷  , ŷα׷ ڰ ̽, νŸ׷  SNS ̿Ͽ ŷڿ '  Ϸ Ѵ'  ޽ Բ URL ũ  ش ũ   , ش ũ  ڰ ŷα׷  ޾ Ͽ ̽ ̵ йȣ Էϸ    ̾(  ,  2  4ȣ)",̹
"  ŷ   ι      F(  ޻, ),  G( б 2г, ),  I(ٸ  ޻, ),  J(  ޻, ),  K(ٸ  ޻, ) ̽ ޽ Ǵ νŸ׷ ޽  弳 ´(  ,  2  4ȣ), ޽   Ϻδ  ǥ  , ̷ 弳 Ͽ л  ϸ鼭  䱸ϴ   ̱⵵ Ͽ( 9ȣ)",̹
" L Ʈ ش Ʈ  Ưο ͸    ִ ε,   Ʈ Ͽ  H(  ޻, ),  J(  ޻, ),  N(  ޻, ) 弳    ޽ ´",̹
"    б л ҿ F, G  Բ īī ü äù ϰ,   äù濡 ʿ   б л H   ְ޾Ұ   ȭ뿡 弳̳ Ӿ  ϱ⵵ Ͽ( ̿  īī ü äù濡  '  ' Ѵ)",̹
" Dб б´åġȸ( 'ġȸ' Ѵ)   F, G( ' '̶ Ѵ)     ġȸ ϰ,  ""   SNS(īī ü äù)  б л F, G Բ H 踦 ϱ  ̹ (, 弳, ) Ͽ""  Dб б忡 б   å  ( 'б¿'̶ Ѵ) 17   б 4ð, ɸġ 3ð ġ ûϱ Ͽ",̹
" л   ڸ Ե  3 Ͽ Ʃ꿡 ԽϿµ,   л  ۿ A̶  ƯϿ,  л Ʃ    80 ̻̾( 2018 Ʃ ǡ̶ Ѵ)",̹
"   ʵб л 39 ̻  üȭ濡 л 4г  Ʃ꿡  , ̶ֺ ϴ  ÷ȴ١ ν л ȸ 򰡸 ϽŰ ü  Ͽ",̹
"   1   ߾ κ  л ڽ 纸 ִİ ų 2018 Ʃ  Ͽ  Ǹ ٴ   ޾ ȣϴ μ л Ż ظ ϴ    <1>, 2018 Ʃ   ü  κ  ü ٸ л տ л  Ѽϴ μ  缺 Ǳ ƴ",̹
 D  7   б  ¶ο ڳ ̽   ų հ  Ͽ( 'D  7 ' Ѵ),̹
", "" D  7  ൿ Ͽ"" , 'L Բ ̽Ͽ J Ͽ , ź, 帧̶ Ͽ D  б ȭǿ  µ  ٸ ٰ ϰų   Ͽ' κп Ͽ ɴ",̹
" տ  ǿ ϸ, б ȭǿ   ൿ  L̰   屸ģ Ϳ Ұϰ, ̽Ͽ    ø  ַ L̰  D  7  Ͽ ̽Ͽ ѵ    ø  ݹ ",̹
" ǰ б  "" νŸ׷  ,  G   ƴ  (  ģ F   )  ߽  ν G  ظ ""̶  ġȸ Ͽ, ǰ б  ġȸ û   Ͽ б¿  å  ( 'б¿'̶ Ѵ) 17 1 1ȣ  'л  ' ġ( '  ġ' Ѵ) Ͽ",̹
"   б  ""   ð ⿡  ʰڴٴ F л     ϴ  Ͽ,  翡 ߰ ڽ       F л     F л     SNS F л ϴ  ""̶  б´åġȸ( 'ġȸ' Ѵ) Ͽ,   б   ġȸ û   Ͽ б¿  å  ( 'б¿'̶ Ѵ) 17 1 1ȣ  'л  ' ġ( '  ġ' Ѵ) Ͽ",̹
"  H   ޽  ĸó ϴ ٶ   ޽ л  ٸ 鿡 ˷ ̶ ϴ, л  Ѽϰų ϴ    ޽ ۼϿ ν İ ¿ ̰   ü ̴",̹
"   11:00 ڽ ̽Ͽ   Խñ( '  Խñ'̶ Ѵ) Բ Gκ ޹      ÷Ͽ,  20:40 ̿  61 ۰ 37ȸ  ̷",̹
"   󿡴    л ĺ  ִ ü Ư¡   ġ    ְ, Կ  ȭ  л Ǹ ״ Ÿ",̹
"   л       SNS Ͽ, ̸  ٸ л̳ лκ  û ޾ ̸ Ͽ",̹
" ׷    Ÿ л  ൿ  Կ  ȭ ,      ߾ ,   ǵ  , ̸ ǥԿ ־ л Ǹ  ʰ л ൿ ̸ ϴ  ȭ   ν Ÿ ̿Ͽ л ʻ  ΰݱ  ڱ ħϿ  ̴",̹
" ǰ б б´åġȸ( 'ġȸ' Ѵ)   л H, I Ͽ ϻȰ (J)   ü ̸ JŰ  ϸ  ȡ Ȱ ȸǸ Ͽ, ǰ л鿡 Ͽ Ʒ  ġ   ûϿ",̹
"  ͳ ̽ Ʈ ' J  ڸ ڵƺ  ȭ', '׷  ħ ô'̶  ԽϿ, л ̷ ۿ Ͽ ٽ '¥ ʹ'   ۼϿ",̹
 D    ۿ ̾ ' 밢 ڵƺ  ȭ'̶   ۼϿ,̹
"   б б´åġȸ(Ʒ ġȸ Ѵ)   SNS E Īϴ  ÷  Ѽϰ   ־, E   ϰ E ģ ģ ︮   ൿ Ͽ ɸ ҾȰ న Ͽ",̹
 ư     ̳  Ǵ ̹    б л I Ż ظ  μ б¿  б¿ شѴٰ  Ÿϴ,̹
"   б б´åġȸ( ġȸ Ѵ)   A SNS E Īϴ  ÷ л  Ѽϰ   ־, E   ϰ E ģ ģ ︮   ൿ Ͽ ɸ ҾȰ న Ͽ١   б¿  å  (  16441ȣ Ǳ  ,  б¿̶ Ѵ) 17 1 3ȣ   A б  2ð    3׿  л Ư 2ð ̼ ġ, 鿡 Ͽ ȣ Ư 2ð ̼ ġ ûϱ ǰϿ",̹
" б¿ л ȣ л   л л   Ͽ л α ȣϰ л  ȸ   ϰ Ƿ    л  ġ ó ,  ޸ϰ ְ,   2 1ȣ  ˿ شѴٰ    ɺθ, , ̹   б ϳ ϰ ,  б ϳ  鼭 б 'ü Ǵ  ظ ϴ ' ϰ ִ",̹
" ׷ ռ  ŵ鿡  4ȣ       ü  Ͽ Ǵ   ,   л  л ˸ Կϴ Ϳ  ź ʾҴٰ ϴ ̸ üȭ濡 Խϴ ͱ Ͽ   ʴ ,  л ˸ üȭ濡 Խϴ  л  ġ    ִ ̰, ư    ع߻ ɼ  Ǵ ,   л ø ׸ ȭ  л л 踦   ̸ Կ  Ǿ  ɸ âడ ȴٴ ,  븸ε л ġ ֱ  ,  Դٰ  ȭ ׸    ġ ,  ǥ  ſ  (""л C ְ 'Z' ȴ"" ),  ó  л   ġ   ִ ൿ ؿ  л ģκ  ޾ ٽ л ± ̽ Խù   Խ ,   л ģ 迡 峭 ġ ǻ翴ٰ ϴ,  л    ൿ  峭  ӹٰ   ,   л       ǥ ʾҴٰ ϴ,  ൿ  л ƹ  ظ  ʾ ̶    ,  л   ൿ    ʾҴٴ  Ͽ, ̴  ģа踦 ϱ  ̷  ɼ ſ     л  л  ൿ  ذ ٰ     ߾ ,   óл Ե  ൿ   л  ظ    μ,   ǹ   ߾    ʿϴٰ  Ÿϴ",̹
" ⵵ ñû б´åȸ(   ȸ Ѵ)  ȸǸ Ͽ  E ̽ ȭ濡 1  л鿡  , 弳,  ߾ Ͽ١(    Ѵ)   б¿  å  (  17954ȣ Ÿ Ǳ  ,   б¿̶ Ѵ) 17   (17 1 1ȣ), л  Űл  ˡ  (17 1 2ȣ), ⼮ 5(17 1 6ȣ), л Ư̼ 8ð(17 3), ȣ Ư̼ 5ð(17 9) ġ ǰϿ",̹
"  ϴ F ü  Կ  ̳,  F 鼭 Ͽ Ӹ ƴ϶,  F  ü  SNS üȭ濡 ø  ִ   ߾ ,    F ü  ԿϿٰ   ",̹
" F  D б 米翡 '   ϴ F ü    ԿϿ ̸ Ͽ,   F  E ̿ ߻ б ȿ Ͽ  ޶ ûϿٰ,  , F οڰ ϸ鼭 F Ͽ,    Fκ    10   ʰ ִٰ, F б Űϰڴٰ ,   ƹ Բ F ãƿ   Ͽ'   б Ű Ͽ",̹
"  F  ,      E  '  ϱ ' Ͽ, Ϻη E ٰ  εġ ǵ ġ , īī ü ̾߱ 濡 E Īϸ鼭 '  㲨' ޽ ÷ȴٴ   ϴ   Ͽٰ Ͽ",̹
"  ټ ģ ԵǾ ִ īī üäù濡 ' E ' Ͽµ, ̶ '' , ޽   󿡼    ο  ̾  Ÿ μ,    E  ο ϰ ʹٴ  ߾    ܺη ĵ  ְ,   лμ ̸ ɸ  ν ɼ ִ",̹
" G  15:31 īī ȭ濡 ۡۡۿ  ̸ ϸ    ϰ ô ϴµ,  ϰ,  ,  ʿ ӡ,  չ  , ӡ, ۳⿡  ϴ¾ Ѹ ̶ ޽ °,    15:36 īī ȭ濡 ⿡  ̸ ϸ  ġ, ""ͳݻ ôϰ ϰ, ġ ª ԰,  𸣰 ,  ೯ ,  ǳϰ, ""յ ٸ, ൵ ̼ ϴ°, μ ۷Ծ, D ӡ̶ ޽ ,   21:07 ࿡ īī ȭ  ڷ  ̸ ϸ ׳ 5г⶧ 츮 ھֵ ƾƮ û ߶, 5г  D 츮 ھֵ ƾƮ ƾ",̹
"  ȸǿ  A Q ۼ   Ǿ,     ǰ Ͽ   ġȸ      ϴ ȸ   ⼮ ġ ǰ  A   Q SNS  ޽ ̿Ͽ ո      䱸 ,   ڽ ̽ ʿ suicide(ڻ)' ܾ 'You're cutting down(ʰ  ߶󳻰 ־)'̶  ̽ ޽  ߴ",̹
"   ǰǴ,  б 3г л   ִ ̶ ϱ     ޽ ģ鿡   °, ׷ ޽  л ſ ū  ظ Ծ¹,  õ      б¿ شѴ",̹
" ⵵ ﱳû б´åȸ(   ȸ Ѵ)  ȸǸ Ͽ  īī üȭ濡  г C(,  л̶ Ѵ)   ְ, ƽ ޽  ޽  ظ ־ ,  б¿  å  (  17954ȣ ŸǱ  ,   б¿̶ Ѵ) 17   (17 1 1ȣ), л  Ű?л  ?   (17 1 2ȣ), г   ɸġ 10ð(17 1 5ȣ), л Ư̼ 4ð(17 3), ȣ Ư̼ 4ð(17 9) ġ ǰϿ",̹
" ġȸ ֿ  ߿  ġȸ  ȳ  "" 3, 7 л 1 л б   ȭ ׸ ¶ ̽    ִٴ Ű ""  Ѵٰ Ǿ ְ,   Ѵٴ   Ǿ  ʴ",̹
" J    б 1г 166 ʴǾ ִ ü īī ȭ濡 E 'I'̶ Īϰ, '  īϴ  '  Խϴ  ߻Ͽ",̹
"   E I ԽõǾ ִ   '   ¿ Ѹ'̶  Ͽ  10 'ƿ' ư , F E I Խ ۿ G, H, K, L( 'л'̶ Ѵ) Բ Ʒ    ޾Ҵ",̹
" ǰ      ó  ' E I Խñۿ ϰ ϴ   ' ' Ӿ 弳  '   ó  Ǿ ִµ, ռ   ϸ   ' Ӿ 弳  ' I 1:1 ޽ ȭ    ־ٰ δ",̹
"   ȸ ַ  ǥ 'ȿ  ¿ Ѹ, Ǯ߼, ,  ̴  ֳ?'̰, ̴   ƴ϶ ٸ л   ̴",̹
" ׷  ֵ л鿡 'ƿ'  䱸  л      Ⱑ Ǿ,  ǥ   ó    ƴϸ,  л ϰ ϴ ټ   Ӹ ƴ϶ л 1:1 ޽ ȭ   ̰  ǥ ټ Ͽ л     δ",̹
" ǰ  ǹ̸ ' ⿡ D, H   ν   Ѽ ϰų D H    б ϴ   Ǵ Ͽ, L Բ ̽Ͽ J Ͽ , ź, 帧̶ Ͽ D  б ȭǿ  µ  ٸ ٰ ϰų   Ͽ' Ѵ",̹
"  ǿ ϸ,   л     , ٸ л Բ ׿   ް, ̼ǡ(Ŀ)  л Ͽ   ϰ Ͽ л   ϴ  Ͽٴ  ȴ",̹
"   б б´åġȸ  ""   л E 7 ̰  Ͽ , ܿ  ϰ ģ Բ Ȱ, F â   尨 ִ  ÷ȴ""   E  л л ϰ ǰ  E Ͽ  б¿  å  ( 'б¿'̶ Ѵ) 17 1 1ȣ<2> 'л  ' ġ  16 1 1ȣ<3> 'г   ɸ  ' ġ   ûϿ",̹
"    ķ  Dκ  ġ Ȱ Ϳ  μ ȭ 30޷ ޹޾, ̴  D ̿ ü ('  D  ⿡ Ͽ  ʴ´ٴ  D  ڷḦ Ѵ' )  ̴",
"   E ȭǿ 뺯   ڵ  ī޶ ԿϿ, E     䱸Ͽ,    ƴ ä F   Ͽ,  F E κ ۹   ־",
"   F    ϴٰ, Ƽ  , F Ͽ  Ѹ鼭 F  ϶ Ͽ,  F Ƽ   ϴ   ԿϿ, F    ϶ 䱸Ͽ, ̸  ƴ ä  ̷ F Ͽ ٰ,  E    ,  F  ü  SNS üȭ濡 Խϴ    Ͽ F ü  Կ ̶  ϳ,  F  ̿ SNS üȭ濡 F Խ     ̴   ߾ , F     Կ Ͽٰ   ",
" , F   Ͽ  ݶ ԿϿ,      SNS ü ȭ濡 ԽϿ   ѼϿ",
"   л    ڰ ƴϰ, л     ϳ, ε  G       䱸Ͽ,  䱸 Ͽ      Ͽ ٽ ٸ л鿡 Ǿµ, ô  L ǡ Ƶ   ȸ ũ ǰ ִ ñ⿴   Ⱓ л    ϰ ־ٰ ̸ ٽ ٸ л Ͽ",
" ׷ G ȭȭ  C ' 2г  ġ ԰  E ġ   ޶ Ͽ ȴٰ Ͽ ٰ Ͽ ȭǷ Ͽ,  ڷ   '  Ͽ",
"   л 3 Բ ȭǿ  ӿ   ' ' ָ   Ͽ, ǰ     л 3   Ƶ̶  ܺο ˸ ʰ    ϱ Ͽ",
" Cб 3г⿡  ̴   12:00   DƮ Eȣ  ְ,  б ٴϴ  B( ڡ Ѵ) Ǹ Żϰ ִ   ޴ȭ⸦ ̿Ͽ  ǻ翡 Ͽ  ԿϿ",
" ǰ  "" D ִ E뷡 ȭǿ ߻ F()л( 'л'̶ Ѵ)    ""   Ͽ ""б   å  ( 'б '̶ Ѵ) 17  ,   3׿  лƯ̼ 5ð,   9׿  ȣ Ư̼ 5ð"" ġ( '  ó'̶ Ѵ) Ͽ",
" л  б Ȯμ ۼϿµ,     óп   "" 뷡忡   ȭ ڰ ؼ ' ڰ  ܵ   ' ϴϱ ׷  ձ ڰ ؼ µ, ȭǷ о ־ ǻش޶ ϸ鼭 Ȱ ǻϰ Űϰ  Ƕ̸ ̴ٰ ĭ  о ־ Ȱ ǻϰ Űϰ ׷ٰ ؼ  ̱ ؼҸ Ѵ޶ ϰ, л ̱ شٰ ؼ Ѵٰ ϰ  ϴµ      ߿ G H  ÷ ȭ ĭ    ȭǿ  Ǿ"" ̰,   б´åġȸ ⼮Ͽ ""  'ȭ  ', 'ڰ ε   ?', ' ձ  ', 'ģ ݾ', 'ձ  ' ̾߱ ϴٰ,  ȭǷ о ־",
" 'ϴ ų? ڴ', 'Ⱦ ޶', Űϰ ǻϰ ׷ ٴϰ ,  ĭ  о ,  Ű",
"  'ؼ  ̱ ؼ' ϰ 㸮 Ǯ   G, H  , ׷  ġ ""̶ Ͽ",
 ׷  л Ӵϴ ' л  ü Ͽ ٽ ̾߱⸦ Ͽ'  б ŰϿ,
"ռ  ŵ,  2  4ȣ,    翡  ü  Ͽ   ִ    Ǵ  Ͽ ,   J  л  ü  ߾ Ͽ,  ߾  ĵʿ  л       ǴܵǹǷ,   б¿ 2 1ȣ  б(Ѽ) شѴ",
   λ갡 ' ʼ  Ƽ    ⸦  л       Ͽ' Ƿ ҳ 32 1 1ȣ ȣŹó    2ȣ ó ޾Ҵ(λ갡 2018Ǫ2500ȣ),
"    Ŀ  п Ǹ  ,  ð  л  ȭǿ     ޴ ԿϿ( '  ' Ѵ)",
" ǰ   Ͽ '  E, F ° Ÿü󿡼   '   б   å  (  16441ȣ Ǳ  ,  ' б '̶ Ѵ) 17 1 8ȣ , 1ȣ  л  , 3 л Ư̼ 5ð, 9 ȣ Ư̼ 5ð ġ Ͽ(   '' ġ '  ó'̶ Ѵ)",
" ׷  1  11ȣ(ȣ ִ  ȣ ,  )  翡  ü  Ͽ Ǵ    Ǵ  ռ   ߾ ,  л鿡  б   б    Ͽٰ ȴ",
"  E E    ' ¥ ũ', 'ٸ  ٸ  ũð', 'C̶ ׷? D'  ü Ư¡ Ͽ  尨,     ޽ Ͽ",
" Dʵб б´åġȸ( '  ġȸ' Ѵ)  ȸǸ Ͽ '  л , E, F( ' '̶ Ѵ)   л G Ͽ",
"     ߾    ߾  ǹ̰ ִٴ  νϿ ο Ͽ ǰǴ,     11  ɷ  ̷   ,  ϱ   ϴ 翬  Ư ߾  ,  ε E    ߾('G̶ ߰   ־?' )  ǹ̰ ִٴ  ˰ ־ٰ  Ÿ ,   ۼ ݼ   ߾  μ ߸ ൿ̶  Ǿ ִ   ߾ ,   ǹ̸ ν ¿   ߾ Ͽ  Ǵܵȴ",
" ϳ,     л    ִ   G  ġ   ִ   ߾ ϿǷ,  ߾  ٸ   ؼ G  ޵ǰų   л ̿  Ȯν G  ظ  ɼ  ,   F   ߾   ߰ G   ߾ Ͽ, G ᱹ   ߾   ̱⵵    ߾ , G   ߾   ο     ߾ л ȣϰ л   ʿ б¿ б() شѴٰ  Ÿϴ(   ġȸ ȸǷ ,  E F  ߾ G   ε δ)",
"  A, D  л   弳 ϰ, 10 óл   ϱ Ͽ, ̴ л б 2г   ̾  A, D   , հſ  A, D  ĺ,  J ٸ Ĵٺ    Ͽ ̹Ƿ,  A, D  ȸԿ ߾ ε  ִ   ִٰ ƾ Ѵ",
 Ưüαû б´åȸ    л  л  ϰ    л  Ͽ١ б Ȱ ȸǸ Ͽ(  ȸ   ȸ Ѵ),
   ȸ  ൿ   6) (  ) Ͽ ̸ б̶    óа  ġ ǰϿ,
"  б¿ ¡ ǹ̴ ռ   б¿ Թ Ҿ,   б¿  л  ġ ó    ޸ϴ ,   б¿ 2 1ȣ б  ¾ ϰ ִ  ߿  ˿ شѴٰ    ɺθ, ̳ ̹  ԵǾ ִ¹, б¿ شϴ µ    ǿ شϴ  ѵȴٰ   ,  Ƶ?ûҳ,  ߿ Ư 13 ̸ ̼ڴ  ̼ϰ ȸ?ȭ  Ͽ  ڱ ϱ   ƴ϶, ?ɸ? ڿ  Ͽ Ÿ  ħ Ǵ κ ڽ ϱ  ó ְ, ̿   ġ ذ  ǰ ϼذ  ִ Ƶûҳ⿡   ħ Ǵ  Ƶûҳ   ü ǰ ߱ϰ  ΰ Ű  ɰϰ    ĥ  Ƿ, Ƶûҳ ܰ   Ǵ Ƿ ̴  Ͽ װ Ÿ ̳ ְ ŷڰ  ̿ ̶, ̸ Ƶûҳ   ڱ 翡  ̶ ϱ  (   20159436 ü ǰ)  ϸ,  ó  Ǵ ¿ ̸  ƴϴ ü ü?ɸ??ȸ  л  ڱ ħϿ л ü Ǵ  ظ ԰ ϴ   Ÿϴ",
"   ռ     Ͽ   ִ    ռ       ߾ 캸,   л   л  ϰ, л  ü Կϰ    Կϴ        ü?ɸ??ȸ  Ͽ л  ڱ ħν л Ͽ üŻ ظ ԰  μ  б¿ 2 1ȣ ¡ شѴٰ Ǵܵȴ",
׷  óл   E ģ  ̳ E   ⸦   ̸ ϱ Ͽ E ģ Ϳ Ұϴ,
"    óл     ϸ鼭, E  ڽ ⸦  ̸ ϱ Ͽ E ģ Ϳ Ұϴٴ  ,  óл  E   ൿ Ұϴٴ 嵵 Ѵ",
  л  л   ߰ Ͽ ó  6г 5 ӱ簡 ̸ ߰ϰ ǿ ư ڸ  Կ    ߴܵǾ,
  Ѿ л   öŸ л  ڽ ȷ      ߷ Ͽ,
" ̿  ֺ л鿡 л ٸ  Ҹ ư, л    ¿  ٸ ̸      ä   ǥ     ü   䳻 ´",
   л տ  ڽ  ϰ   öŸ    Ϳ  ôâϰ 尨   Ѹġ Ͼ    ӻϿ,
" л VRü  ϱ Ͽ  VR⸦ ϰ ־µ,  л  κ ճ ư, л 뽺  Ҵ",
" ̷  л  ġ, г, ﰨ    ̷    Ͽ",
"  ǿ Ͽ Ǵ, ռ  ŵ,        ü  Ͽ Ǵ    Ͽ ,       ǹǷ,   óл ǰ   κ  ޾Ƶ  [   ð  տ ؼ  , б´åȸ   ġ ϸ鼭     տ  ʾ     Ͽ Ͽ, ġ 뺸( 1ȣ)   κ    ϰ ִ¹,   óл 翡      Ѵ]",
" л  Hȣ F, E ϰ ڽ  峭ġ Ȱ,  G ̿ Ͽ١( 1ȣ, 18~19)  Ͽ",
" ׷     ü ϸ鼭  ڳ     ߴٰ ϸ ϰ   ִ١    ݼϰų ڿ ϴ µ ̰  ʰ, л  ϸ     ڰ  Ͷ߷ л     Ŀ  л   Ͽ  ̴¹,  ݼ, ȭ  (4), Ӽ (2)   ̶ų ϰ 緮 ŻϿٰ   ",
"  ð  鼭 ' Ϸ   ŸŸ ϳ, ׳   ",
"׷   Ϻ ҸȮ ߾ ϴ,  )׿  ٿ   л鿡 'ɷ'    ġ   ִ  ߾  Ͽ ǵ  ȴ",
"  ߳  ¥  پ""    ""׷  ؿ     ó̴پ""  ޽   Ǵ¹, ̿ ϸ  E ⸦    Ÿϴ",
"   E     ̿  , E ⸦   ռ  Ͱ ",
"  ڽŰ E  ῡ ͱ ߴٰ   Ƿ E 忡 ʹ  ;ٰ ʹ    Ǹ   ̿  Ƿ      ־ٰ ϳ,  ڴ    Ḛ, E ڰ     ʹ  ߴٴ  E   (ͱ)  ǰ  ⳪  ȴٰ  ƴ",
"     ó  Ѵٰ ϴ  л ȣɿ  ϰ  ,  л  ,   ġȸ      ִٴ Ǵ Ʒ    ƴ ,   бȰ,  ݼϰ ִ   ߾ ,      ¼ ִٰ   ",
 Dб б´åġȸ  ȸǸ Ͽ '  00:00 09:00 ̿   ִ 6 ǹ   ̾  4  г л л   踦 Ͽ,
" ׷ л     Ƿ  ϰ,  ֵ Dб б´åġȸ ⼮Ͽ     踦 Ͽٰ Ͽ",
"  ,   16:00 Pб   ȭܿ Q Ǹ   ¿   (    ),   Q Ͽ ü  Ͽ Q ٸ ģ Q Ȳ   Q ҾȰ    Ϳ Ͽ, л  Ű? л  ,    [б   å  ( б¿) 17 1 2ȣ],  ġ    ⼮(б¿ 17 1 6ȣ), Ư̼ 18ð(б¿ 17 3), ȣ Ư̼ 6ð(б¿ 17 9), (б¿ 17 1 8ȣ) ġ(   ġ)   ǰϿ, ǰ M   A   ġ Ͽ",
" л б  1 Ͽ, '׶  ֺ , J, K  ־µ, F    ߴ, ׷  ܵ 翷  ϰ ߴ,   ģ 鼭  ־, ׸ F ⸦  ,  ,  ϰ ǵ  ִ  ̾  '  Ͽ",
"(°) E ̸  峭 ϸ """" , F ̼ð ""ھ ڰ "", ""ߵ  ð PPT "", "" ߵ ""   ߾ Ͽ, нð, ð  ð ߿  䳻, Ҹ     ̵鿡 谨 ־,  ܿ   䳻 ",
" ǰ   Ͽ ' I ִ J ó E뷡  ȭǿ ߻ F() л( 'л'̶ Ѵ)    '  б   å  ( 'б¿'̶ Ѵ) 17 1 8ȣ , 3 л Ư̼ 5ð, 9 ȣ Ư̼ 5ð ġ( ̷ ġ Ͽ '  ó'̶ Ѵ) Ͽ",
 ׷ٰ  ĭ  ְ ǻϰ Űϰ ؼ  ƴ,
"   ؼ ""װ ̱  ִ   ְ  ̱  ؼҸ Ѵ޶"" ؼ  ߴµ  ߿ G̶ H  ,  ༭ ȭǿ  Ǿ",
"   ġ ǿ ' '̶ ǥ ϰ ,  ü   л Ʈ  1   л  ʹ޶ ϸ   ⸦  鵵 ϰ л ̿ ⸦ ⵵ Ͽ ׹  õϱ⵵ Ͽٴ    ɰ ſ ",
"      л Ͽ  л ,  л   ⸦   ־",
"  , ,   3   л  Ͽ(       Ʋ '   ' Ѵ)",
"   л  4ȸ  (1ȸ)  (3ȸ)   ռ  ٿ ,           ǻ翡 ϴ μ   ڱ ħ  Ͽ ɴ",
"  л   翡 ó     鼭 '   䱸Ͽ Ͽ', 'ڰ ϸ    ұ  ߴ', '  ϸ鼭 ߰  """" ð,  ߾ ""ٰ ϶"" ϴ  ',    äϴ  ִ  Ī ٸ   տ  Ͽ'   Ͽ,   㱳  ϸ鼭 '   Ų ߴ",
" Cб, Eб, Fб б åġȸ( '  ġȸ' Ѵ)  '  21:1322:04 ƻ G  3 ȭǿ   ִ  D( '' Ѵ)  Ͽ ü,  ظ ־'  б° Ͽ   ġ, ڿ  ȣġ  ǰϱ  ȸǸ    Ͽ б   å  ( 'б '̶ Ѵ) 17 1 9ȣ   ġ   ǰ ûϿ",
   21:13 ~ 22:04 ƻ G  3 ȭǿ ڿ 1ȸ  Ͽ,
"      Ȳ Ͽ, ڴ    ġȸ    '    л 5  1 õ 뿡 µ H  شٰ Ͽ,  濡  Դ´ٰ õ   ٰ Ͽ' Ͽ,   ġȸ  Ȯμ ' ϰ ͼ   Ͽµ I J ߴ   , K    ϴٰ  ߴ' Ͽ",
"  ڿ 1ȸ    ռ  ٿ ,    ڸ       ϰ ִ",
" ǰ     лκ  ް   ( ' '), ̸   ' A, H, I Fǹ Gȣ    ,   ŷ , ǻ,  ̿ 缺 ̼,  縦 ϴ  J, K Ͽ",
" H  ȿ ⸦ Ͽ, ٸ л   ̴µ    ä ƴٳ(H  7 óл)",
 H  ϰ I ʹ޶ Ͽ,
" I H ⸦     ϰ  ִ 밡 3õ ޶ 䱸Ͽ(H, I  óл), H J ǻǸ ϰ J   پ ö(H  11 óл),  ⸦  ְڴٰ Ͽ(H  9 óл),  , I, Hܿ J, K  鼭  Ȳ ޾",
" J H, I ǻǸ ϰ  ִ ڽ   ̿ ɾƼ ̸   Ͽ 缺 νϿ, K  Ȳ ģκ ׷  ϴ Ϳ   ġɰ 尨   δ",
"  I J ǻϰ H Բ J      , ڱ⵵ ׵ Բ J   ö󰡼  ",
" ̷   J   ظ ϴ     Ӹ ƴ϶, H, I J   ö󰡼 ġ ϴ Ȳ ̷   ̿  μ б¿ شѴٰ  Ÿϴ",
  Ҽ۴븮  ޸  ʷ  2  'J   ö ̸  缺 ߴ,
"  ǿ  ü  Ͽ   ִ Ʒ   Ͽ ,  H ڽ ⸦ ƴ޶ 䱸    ְ, ̴ б¿  б¿ شѴٰ ȴ",
" H, I, K, J  H ڽ ⸦ ƴ޶ 䱸 ǿ Ͽ ṵ̈ ϰǰ ϰ ִ",
 H   '⸦  ְڴ'   Ͽ  H  ٸ  ⸦ ƺ  ִٴ   ϴٰ      H ٰͼ ڽ ⸦ ƴ޶ Ͽ,
" 2ȣ 3 翡 ϸ I, 2  "" ϴµ    Դٰ,    鼭  ⸦  ', ū' ϸ鼭  ",
" ռ  ſ  ü  ϸ, J ""H I   öͼ ϰ  ǻǸ ߰,  ڸ ű   ٷ ̾µ,    · ⸦  ̿ 3  ִ  Ͽ",
   缺   ġ    Ҵ,
" J   Ͽ ġ   ̸, ̷ ൿ  ظ ϴ б  Ÿϴ",
"  ϴ  쿡  濡  尨̳ ġ  ϰ, K I      Ͽ Ÿ ξ߰ڴٰ ϰ Ͽ  ̸,    H   ʾҴٰ ϰ ִ",
" ̷  Ͽ ,  I    ǥ ϴ μ   Ǵ ̳ ̸ Ѻ  ġ  ϴ  ̸ٰ ߴ  ִ",
" λ걤üαû б´åȸ    л 踦  (    Ѵ) б¿ 2 1ȣ  б() شѴٰ ϰ, ǰ   17 1 ,      л  , л  Ű? л  ,    , ⼮ 5, Dб ġ  , Ư̼ 10ð ġ,  θ Ͽ ȣ Ư̼ 5ð ġ ǰϿ, ǰ  ǰῡ   Ʒ ġװ  ġ Ͽ(    ġ, ,    ġ  ̿  ġ, ⼮ 5 ġ, Ư̼ġ Ʋ   ó̶ ϰ,  ȣڿ  Ư ̼ġ   ȣó̶ Ѵ)",
"    08:30 л  ִ  ħ뿡  Բ    ִ л   л    Ͽ,       ִ л  ",
"    û   л ä  谨 ִ ׸ ׷ȴٴ  б¿ 17 1 3ȣ, 3  9׿  ǰ  Ͽ б  6ð, л Ư̼ 2ð ġ  ȣ Ư̼ 2ð ġ(   óС̶ Ѵ) Ͽ",
" ó ܼ Ǽ  ˾Ҵµ, 2б⿡     ִ     ٸ κ ġ ٰ  ߴ",
" ()   ٸ  ⿡  Ĵٺ ϴ ųİ ߴµ,     ־",
"  , л  ۼ Ȯμ '?  3~4 ĥ տ ûҸ ϰ    ûҸ ϴ ô ̵ ϸ鼭  ٸ  ġ ",
" ?  8  9   ٸ ġ ⿡,   ϶ ϴϱ ̾ٴ  °鼭 ̾ϴٰ Ͽ  ",
 ?   ȭ()  ڿ ģ ϰ ִµ   ٸ  ġ ,
" л F ȸ ǿ ⼮Ͽ  ڽ ſ   ߾  Ͽ١  Ͽ,    л  G ϸ鼭,  л  Ͽ",
"E  2ʿ   Ͽ,     ̷    ۽  Ͽ ̷¹, ̿    ɰ ߴϰ E  п  ߾  Ӽ ",
"E, F    ̿Ͽ     Ͽ,    ,     Ѽ˷ Ͽ б ׸ΰ  ȹ , ̷   Ű Ḧ ޴  Ŀٶ ظ Ծ",
" ó E ߴ ˸ Ͽ, ǰ E  Dб 1г л  ǿ ħϿ  Կ ǿ   ⼮ ó  ݸ,  ǿ б    ó Ƿ,    ó Ģ Ǵ ŷںȣĢ Ѵ",
" F   () ֿ   ȸ ϱ  ֿ ִ  ĩ ӹ ,  Բ ġŲ ԰ ָ  , Ʈ ȭ ٰ  ()   귡 Ǯ,  Ȱ Ըϸ, ٸ     ʴ ü Ͽ",
" ռ  ǰ迡 , F           ġ ʴ ü Ͽ, E  F     ֵ  4~5 ǳְ,   F '  ð    踦 ض",
     Ʈ P   л   л鿡   ߾  Ͽ Դ,
"     ȸ ֵǱ   ߾ , P   л鿡 Ͽ        ⸦ ãƺ ư,   ٸ Ʈ Q  Kл, M, R, S   ũ⳪  ʹٴ  ߾ Ͽٴ    ۼϴ     Ͽ P ġ  ϰ ִ",
"   б Ȱ   ( ) Ưھָ ϸ鼭 հ   ǿ ɾΰ ư鼭 ϰ ʹ, üð ھֵ    ̴, ̴",
 ھֵ û 纹 ԰  ũ ϸ鼭 ֱ⸦   ִ  Ǵմϴ,
"  ȮεǾ, M   E Kл ̶   ǿ  ϰ ʹ, ׳  鼭 ",
" ̾߱ߴٴ  ٸ лκ ٴ  , I     Kл ϸ  г ģ   ũ١,  ε,  ũ١  ߾ ",
"̶ , N  E Kл չ  ǿ ɾΰ ϰ ʹٰ ߴµ   鼭 ư鼭 ڶ , üð ھֵ   Ǵ",
" Eб б´åġȸ(   ȸ Ѵ)    A л 2  ð ȭǷ  Ѵٰ ϸ鼭 ȾҰ, л ȴٰ ź   Ų 䱸Ͽ , , ,  ⸦ ١ б ȿ Ͽ ȸǸ Ͽ,  A  ߴٰ  Ű ϴٴ  ġ   Ͽ",
"  ð  ȥ ڽ Ʈ 1г   ̾ F, G  ϴ  ǥ ( 3ȣ 2,  '  ' Ѵ) Ͽ,   Ʈ 쿬 ߰ ٸ л    縦 F ˸鼭 б  ŰǾ ġȸ  Ǿ",
"   īī ޽    ģ H, F, I, J, K, L  ټ   б л  ϰ ϴ  ޽( 1ȣ 2,  '  ޽' Ѵ)   ´",
" б¿ л ȣ л   л л   Ͽ л α ȣϰ л  ȸ   ϰ Ƿ    л  ġ ó ,  ޸ϰ ְ,   2 1ȣ  ˿ شѴٰ    ɺθ, , ̹   б ϳ ϰ ,  б ϳ  鼭 б 'ü Ǵ  ظ ϴ ' ϰ ִ",
" ⵵ ñû б´åȸ(   ȸ Ѵ)  ȸǸ Ͽ  E ̽ ȭ濡 1  л鿡  , 弳,  ߾ Ͽ١(    Ѵ)   б¿  å  (  17954ȣ Ÿ Ǳ  ,   б¿̶ Ѵ) 17   (17 1 1ȣ), л  Űл  ˡ  (17 1 2ȣ), ⼮ 5(17 1 6ȣ), л Ư̼ 8ð(17 3), ȣ Ư̼ 5ð(17 9) ġ ǰϿ",
"  θ  '  ҹ Ʈ ģκ  ϴ ظ ԰ Ͽ' E, F б ŰϿ, ̿ E, F θ ' ,  κ    ġ '  б Ű Dʵб бⱸ   E, F Ͽ 2018⵵ 3ȸ б´åġȸ( '  ȸ' Ѵ) ϱ Ͽ",
"  ϴ F ü  Կ  ̳,  F 鼭 Ͽ Ӹ ƴ϶,  F  ü  SNS üȭ濡 ø  ִ   ߾ ,    F ü  ԿϿٰ   ",
" F  D б 米翡 '   ϴ F ü    ԿϿ ̸ Ͽ,   F  E ̿ ߻ б ȿ Ͽ  ޶ ûϿٰ,  , F οڰ ϸ鼭 F Ͽ,    Fκ    10   ʰ ִٰ, F б Űϰڴٰ ,   ƹ Բ F ãƿ   Ͽ'   б Ű Ͽ",
"    ķ D  м   ޾  Ʈ ޾ , ڽ   д뿡  Ͽ δ Ͽ",
"  E ̽ ޽ ȭϸ鼭 л ϰų  ϡϴ ߾ Ͽµ,  ߾ ü ȭ  ƶ    E   峭ġ   ǥ ݵ  ģ  ƴ϶ л ϰų  μ   ̷  δ",
"      ܼ    Ѿ л     ְ ̸  ԿϿ, л Ͽ     䱸ϰ  ԿϿ, Կ Ŀ л     ȭ    ϰڴٸ  ϱ Ͽ",
"2ȣ 1  3, 1ȣ, 3ȣ, 4ȣ  翡  ü  ¾   ִ Ʒ   ϸ,    ְ, ̴   б ܿ л  ߻   ڿ Ͽ ü?Ż ظ ϴ μ б¿ شѴ",
" л   ϴٰ  ڰ 뺸Ͽµ, ̼ ݴ θ   ˸ڴٴ ڿ Ͽ ġ ʴ  ϰ Ǿ, ׶  л źο ұϰ  ҿ  ų  ߾ Ͽ",
"ī)     8 ڵ庼 οκ л ҿ 鿡 弳  Ͽ ⸦   ִ١  Ȯμ ޾Ұ,  ٽ  9 ڵ庼 οκ  л  Ĺ    μ ҿ ּ ߴ١  ź л ÷ ϰ ʹٴ  ϰ ٸ   öŸ 㸮   ൿ Ͽ١   ޾Ҵ",
"    ó  ް ,  D б 米翡 ""E  ¦ '   ' Ͽ, E üð Ǽ Ͽ Ƿ ٳѱ⸦ Ͽ  ȸ  ŸϿ""   'F  Ͽ  ο    2 ġᰡ ʿ ظ Ͽ, F      峭 Ͽ,  Ż ü ԿϿ SNS üȭ濡  ÷, F   ӴϷκ       ʾҴ'   б Ű Ͽ",
" D  E  '  ķ κ , , ǰ ,   Ͽ'  Ű Ͽ( '  Ű' Ѵ)",
" D    ķ ְ  '  ķ κ , , ǰ ,   Ͽ'  Ű Ͽ",
"ռ     4  6ȣ  翡  ü  Ͽ   ִ    ϸ,    ķ D , , , ǰ   ν  б¿ 2 1ȣ  'б'   ̴",
"    ϴ ̿ л, л  弳  л θ ⸦ Īϴ ܼ̰  弳 ϴ  Ϲ ú ɾ,   л ׷ äù濡 ʴ  л ü ڴ  ޽  б 1г  θڴٴ  ޽  л ϰ  ־, л 󱼿        ϰ  л ָ԰ ߷ Ϲ ϿǷ,    񳭰ɼ ſ ũ",
" ̷ 鿡 ߾ ,      л ü?ɸ??ȸ  Ͽٰ   ִ",
" ó   ̳ ൿ   ̳,   E  弳̳    Ͽ, δ E  ߰ų E  ϱ⵵ Ͽ",
" ģ  ù  ; ģ, λ ׷   ù,  ׸ 帳    ģ ,  ´ġ  ִ",
E  9ð Ƿ  ӱ翡 ߰ ϰ ʹٰ    ӿ    ־ 鼭 'ΰ ⸧' ǥߴ,
" Dб б´åġȸ( '  ġȸ' Ѵ)  ' л  ߼     , 2ȸ ~ 3ȸ ٳѱ , ٴڿ   öŸ ,  ٸ ħ , ٸ ⸦ ,    Ǹ  ŻϿ  ̴  Ͽ'  ȸ( '  ȸ' Ѵ) Ͽ     ġ    ǰ   ġ    ûϱ ǰϿ",
"   б б´åġȸ( '  ġȸ' Ѵ) 'E        ̿    б Ͽ'   , E Ͽ б¿  å  ( 'б¿'̶ Ѵ) 17 1 2ȣ  ,   5ȣ Ư 20ð, 9 кθ Ư ̼ 5ð ġ   ǰϿ, ǰ   ġ  ϴ ó( '  ó'̶ Ѵ) Ͽ",
" ׸ ü Ʒ  ű ؼ ""ȴ"" ߴ  "" ⸦ ִ ƴ      ϶"" ߴ",
" ׸  ڽ ⸦   ', '    "", """" ",
" ̶  ̳ ҹ  η ""׷"" ߴ', 'ȸȴ",
", '() л ȭǿ л  ߴ",
"     Ʈ J   л   л鿡   ߾  ϿԴ١  л鿡 Ͽٴ  ܵ ϴٰ ᱹ   Ǹ鼭 б翡 ˷ Ǿ,   л ȣڰ  ŰԿ    ȸ ֵǰ Ǿ",
" Ư,  D ⸦  ģ  D   ⸦ ġ Ϳ ϰų           Ϲ D   ƴϸ,  D   öŸ ⸦      ִ",
"   б б´åġȸ( ġȸ Ѵ)    ڽ  Cб 1г   D, E F( л顯̶ Ѵ)   ϰ ̵ Ű ϵ     Ͽ١ (    Ѵ)  Ͽ  б¿  å  (  16441ȣ ϺΰǱ  ,   б¿̶ Ѵ) 17 1 9ȣ  ó ϱ ǰϿ,   ǰ  Ͽ ó(   óС̶ Ѵ) Ͽ",
" Dб б´åġȸ( '  ġȸ' Ѵ) ""л  5 Ŭ ð ü ܻ  л  ų ߿ "" ȿ Ͽ  ȸǸ Ͽ( '  ȸ' Ѵ),  б¿  å  (  16441ȣ Ǳ  ,  ' б¿'̶ Ѵ)  л鿡  ġ ǰϿ",
"        л 4 ۼ Ȯμ Ͽµ, ̴ ַ D   ų 弳 Ǵ е帳 Ͽ   öŸ ڽ ⸦ ⵵ Ͽٴ ̰,    л D   ⸦   20ȸ  Ͽٴ  ۼϿ",
"  л Ӹ ġ,  ,  ڸ ڸ ڷ аų  ,  ̼ Ӹ , ̳ 踦  ģ    л ü    иϴ",ü
"    Ͽٴ   ޾Ƶ̴,  л     Ȳ  ,  ü       翡 Ұߴٰ  ʴ´",ü
      л  ࿡ شѴ,ü
" ̿  D  1ȸ , 2ȸ  ,  ϴ   ޾Ҵ",ü
" H(Iб 2г)  18:30 Ưġ J ִ K PC ǹ 1 л  Ͽµ,     5 л(L, M, N, O, P) 忡   ѺҴ",ü
"   ̷   PC濡 ߰,  ̷ PC ǹ 1  L Բ  H л   ѺҴ",ü
"       ƴ϶ ϴ     л ο 忡 ãư ο ߱ ο Ѻ鼭 ̸ ų  ų Űϴ  ü ġ   Ϸ ൿ л ִ ɸ йڰ ̷  ް  ü  Ͽ ,   ȸ   ϴ б¿ ġ ʿϴٰ ϱ⿡  б  شǴ  Ͽٰ Ǵܵȴ",ü
"    E    б Ȱ Ͽ F ""װ E ǿ ߸  '  , "" װ  ο  ʸ ׿ ڴ"" ϸ鼭 F Ͽ, ̷ Ͽ F  2 ġᰡ ʿ ޼ߺ , ٹ߼ »( Ϻ,  )  ظ Ͽ",ü
"E ٸ л鿡 ""   "" ϰ ٴ    Ӹ ƴ϶,  ȸ 򰡸 ϽŰ  ǥ شϴ¹, ̴  ˿ شϰ, E üð Ƿ ٳѱ⸦ ̿Ͽ  ȸ Ͽ¹, ̴  ˿ شѴ",ü
"  F ο  F  Ͽ  2 ġᰡ ʿ ظ Ծ¹, ̴ F б¿ شѴ",ü
" Dб б´åġȸ( ġȸ)    л   л ĵκο    μ١ ġ(   б¡) ȸ( 1 ġȸ ȸǡ) Ͽ,  Ͽ  б¿  å  (  16441ȣ Ǳ  ,   б¿) 17 1 6ȣ, 3׿  ⼮ 5, Ư̼ 10ð ġ ǰϿ, ǰ   ǰῡ   Ͽ ⼮ 5, Ư̼ 10ð ó Ͽ( 1 óС)",ü
" л PC濡  ʹٴ  α׷   ޶  䱸 ϰ ̸ ϴ  ȭ 鼭   ġ    Ͽ  л ϰ  ,   б ߻  å  л ο  ұϰ Ը   ó ϰ лԴ ƹ ġ     ϴ    ,   ó 緮 Ż?뿡 شϿ ϴ",ü
"  ϰ Ҹ ),  л  Ҹ  ָ",ü
"    б  б ģ鿡 ȭ ٴ  弳 ϰ ġ, ð, μ   б   , ġȸ    б Ŀ 1  ߰ б    Ͽ   б Ӽ  Ͽ",ü
"   б б´åġȸ  "" ϱ   E ̸  شٰ  ϸ ٸ ɾ Ѿ߷Ȱ, ָ E   Ȱ ־",ü
" ׷ E  Ӹ ָ Ȱ,  Ÿ     'ο  ο ׳ ",ü
 ' ϸ鼭  ޴̿    ߸ Ͼ ٽ ߸  ൿ  ݺϿ,ü
" ġȸ   ǰ   ȣڿ  Į л 濡 ũġ ų,   ڸ , дɷ л ٸ  (   б Ѵ)   Ƿ,   óп  21 1׿      ڰ ִ",ü
" ǰ   '  E   ĿĮ E  Ȱ Ͽ ػ  Ͽ, ڸ   ȮεǸ, ⸦  E ظ   ǵ ְ, ݼϴ   ƴ'   б   å  (  16441ȣ Ǳ  ,  ' б¿'̶ Ѵ) 17 1 8ȣ , 2ȣ Ű  ڿ     , 3 л Ư̼ 5ð, 9 ȣ Ư̼ 5ð ġ Ͽ(   '' ġ '  ó'̶ Ѵ)",ü
"   E ĸ ϴ   ϴ  ϴ   ̿  ڽ   Ȯμ ۼϱ Ͽ,  Ȯμδ   óп   ǰû Ǵ  ƴٰ  ƴ(Ư  Ȯμ   ó λ  ࿡  κи Ǿ   ǰ κп   ǰ   Ǿ  ʴ)",ü
" л   Ȱ,  ̿ ¼ Ŷ  ȿ ִ (߰  ¿) л 󱼿  ,       л   ָ԰ ߷ Ϲ ȴ",ü
"  ǿ , л   Ȱ,  5ȣ  ,  , ,    ó   ǹǷ,   л ο  Ϻ ó   ̱ Ѵ",ü
"   ǿ   л J, K, E  峭 ġ  E   ߷   ߻Ͽ, ӱ H  E   Ͽ, ̷   Ӵ C ˷ȴ",ü
" Dб б´åġȸ( '  ġȸ' Ѵ)   A Ͽ,  A  л ٸ ɾ Ѿ Ͽ ġ 2 η ϰ,   л  , лκ    ޾ưٴ  ġ Ͽ,  1 1   ġ   ǰϿ, ǰ   鿡 Ͽ   ġ Ͽ",ü
  G ̼ð ٸ ģ   鿡  л ¾ ϱĿ 弳 Ͽ  л Ϻη ϸ鼭 ϴ л Բ ׷ ⸦ Ͽ,ü
"     I 2, Jп ǽǿ, ڿ 峭  ڰ Ͽٴ  ȭ ڿ ɾִ      15ʰ  Ұ Ͽ ڸ Ͽ",ü
"   14:30   K ִ, Lʵб , ڿ ̾߱⸦ ϴ    Ӹä      ΰ  κ չٴ 1ȸ ,   ָ 1ȸ  ڸ Ͽ",ü
")   22:30   K ִ, Lʵб , ڰ ޴  ʴ´ٴ  ڸ   ɾ Ѿ߷ ڸ Ͽ(      Ѵ)",ü
"     ϴٰ ϳ,   R  Ͽ л Q Ϳ ǰ      ϴٰ ⵵ ƴ",ü
" ġȸ          л ̿  ȴ κ,   л 󱼰 ߿ ħ ٴ κ   ó ġο ԽŰ ƴϿ",ü
" ǰ б б´åġȸ(   ġȸ Ѵ)  б´åġȸ ȸǸ ,   ð ޿鿡 2г 迡   ̾߱⸦ ϴ  л  ú پ 1    ð ȭǿ οµ,   Ӹ л ڸ ̹ް л ָ   ο, ̷  л  3ְ ġᰡ ʿ   ġġٰ  Ͽ١   Ͽ б¿  å  ( б¿̶ Ѵ) 17 1 1ȣ , 2ȣ  , 8ȣ , 17 3 Ư̼ 20ð, 17 9 ȣ Ư̼ 5ð ġ   ǰ б ûϱ ǰϿ, ǰ б   ̷ ġ(  ġ  ġ   ġ Ѵ) Ͽ",ü
" ռ  ٿ    Ӹ л ڸ ̹޾ 3ְ ġᰡ ʿ ظ ¹,   б ſ ɰ ̾ иϴ",ü
"  2016  Cʵб 6г 2ݿ  ̴ лε,  08: 2 ǿ   л D  ڽ  ָ     ִٴ  D  ָ 2  Ͽ",ü
"   б б´åġȸ( '  ȸ' Ѵ)  ""7   A л ǰ ǿ ħ ,  ų ü Ư(, ܵ)   ൿ л źǻ翡 ұϰ ݺ "" Ͽ 2019⵵ 1ȸ б´åġȸ ȸ( '  ȸ' Ѵ) Ͽ",ü
"  ǿ Ͽ Ǵ,  ǿ    (ȣ ִ  ̸ )  ü  Ͽ   ִ     ,   л Ӵϴ  н   A л Ӹ   Ͽٰ ϰ, 鵵  A  л Ӹ   ϴ ,  ӱ簡  Ȯμ ""7   ǿ л  A ڽſ ħ ٰ ŰϿ, ӱ簡  A ħ İ  ׷ٰ "", "" ӱ  2 κ  A л ٴ ̾߱⸦ , ӱ簡  A л   ̳İ  ׷ٰ ""̶  ,  ʵ Ȯμ "" ݿϿ  ȿ  A ڱ л ٰ չٴ  "", "" ȭ ǿ  A л ٰ ڿ   л    ܵ̿  α ",ü
"  E ̿   ġ  峭 Ͽ ̰( ), ٸ ģ鿡 E       (  ),  E    ǵ帮 Ͽ   ̸ ϴ ൿ Ͽ ̰(  ),  ܵ īī ޽ Ͽ Ϲ ޽ ø  E   ش Ƿ, ᱹ      б¿ ϴ б¿ ش Ƿ,   óп  óл  ʴ´",ü
" ׷  ۡ Ȱ  ִ  ۡ    ָ 1ȸ  10ְ ġḦ ϴ ¾    , ¾ ϾȰ κп, ¾ ȫä ,  ȸ   Ͽ( '  ҹ' Ѵ)",ü
   б б´åġȸ( ġȸ Ѵ)    13ð Fûҳð Ȱ л Ͽ ġ 2  ظ ,ü
" () 13:50  1г 2 лμ, ɽð  б,  ݿ    F ȸ ϴ б  Ͽ",ü
"ǰ   óл  E  ⸦      E ģ  ְ,   E ü,   л ߿  ,  E ݽ    ڰ ְ,  ð  E ڱ  ڱ   ϰų ̻ Ҹ  ,  ɽð E   ö  Ų   ϴ    л鿡 ݵǾ,  E 뿡    Ű  ְ ִ л  ɰ б ȴٴ (    ',    óл' Ѵ)̴",ü
" ̿ Ͽ  ȣڴ ǰ  'E     Ȱ ļյǰ  ó Ծ'  б Ű Ͽ, F ȣڵ 'E  轺ǳʷ F Ӹ Ͽ'  б Ű Ͽ",ü
" л Բ Ƿ ԰,  л   ߱  л  κ ٸ ɾ Ѿ߷ȴ",ü
" ̿ л  ¿ 鼭    ϰ, ڽ ٸ  ÷   ߷ á",ü
" ڴ   ȸ ⼮Ͽ,     ¾Ұ ٰ Ͽ¹,   뿡      ٰų    ʾҴٴ     ԵǾ Ƿ,      Ϲ  ź ٰ   ",ü
"  Ѵ'   ,    óм ġ ' ü,  22 ü', л ̸ 'E' Ǿ ִ   ϸ μ   óм  ġ    ǹ    ־ ׿ ҺϿ  ư  ٸ  ٰ  ̹Ƿ,   ó ϴٰ  ƴ",ü
"ǰǴ,  4ȣ 翡 ϸ, л   Ư  Ͽ   ڵ( ٸ л)       л ֺ  ־  ̳, ڵ õ Ÿ ̰  ,   Ȳ,  忡 ο  Ϻ ڵ ൿ, ʿ     ʾҰ ߿ ٴ     , ߿    Ѵٴ ǿ  νİ ǻ簡 ־ٰ   Ưؿ   Ű ƴ١  ұ( ) ó   ȴ",ü
"ռ  ŵ   ü  Ͽ   ִ ,        ȸ κ   ȸ  ȳ ޾Ҵµ,  ȳ Ǵ л   ü ¿  ǡ ƯǾ ְ, ڷḦ  ͡, ⼮   Ŀ  ǰ߼  ̶͡  Բ  ó Ǿ ִ ,  л ҷ ̹   簡 ǾǷ    ȸǰ ֱ         ˰ ־ Ӹ ƴ϶ ׿ Ͽ  б¿  ȣ¡ ġ       ־  ̴ ,    ȳ   ڿ    ä  Ǵ Ͽ  ⼮ Ͽ, ǰ    ,    ȸǿ  ⼮ ʾ,  ƹ ⼮Ͽ  ڸ     ̸ , Ļ, ȸ  ,  ݼϴ ڼ  Ͽ ü Ͽµ   ȳ  ƴϿ  翡  ־ٴ    ƴ   ϸ,   ȸ ǰ     ó ûϱ   б¿ 17 5׿  ǰ ȸ  οϴ    ƴٰ  Ÿϴ",ü
" Dб б´åġȸ( '  ġȸ' Ѵ)  '  ܱ ĺ  л  ϰ ' б ȿ Ͽ ȸǸ Ͽ, б¿  å  ( 'б¿'̶ Ѵ) 17  ǰ  Ͽ (8ȣ), л  Űл  ,    (2ȣ)  ġ ûϱ ǰϿ, ǰ  ǰῡ    ̸ 뺸(  ġ  ó '  ó'̶ Ѵ)Ͽ",ü
"    ƿ л    Ͽµ, л  ʾҴٴ    繰 տ ٸ л  ִ   л   ָ԰ ߷ л Ͽ",ü
  ް  I ٸ л  տ  C ġ ٸ  ߷  Ⱦ  C ڻ    3ְ ġᰡ ʿ ظ Ծ,ü
"    л   ո  ڽǷ  ų å Ⱦ  Ұ,    ִ",ü
" ǰ б 3г̴  15:30   I  Jб K â ⿬ȸ 㼳   ð  б 1г  A  ,   Ͽ( '  ' Ѵ)",ü
" Dб( '  б') б´åġȸ( '  ġȸ')  '       2г 11     ο Ͽµ,   Ӹ    Ͽ ο     ȿͰ  ظ Ͽ'  б   å  ( 'б¿') 17 1 8ȣ ٰϿ  Ͽ ó   ǰϿ",ü
"        2г 11     ο Ͽµ,   Ѿ   Ͼ ָ      Ӹ    Ͽ ο  7 ġᰡ ʿ ȿͰ  ظ Ͽ( '   ')",ü
"   A Բ Eκ   F  H Fκ E ׿١  ܾ  Ͽ ɸ   ϰ, ϰڴ١  ɸ йڰ ְ,    ų  εٴ   Ͽٴ   ۼϿ ġȸ Ͽ,  A  б޿ Ҽӵ I E  A ߷    Ҵ١   ۼϿ ġȸ Ͽ",ü
" ̿ ȭǷ  H ȭ  Ѽ  D ȭ  ߷  о µ,   H  D  κ ޹߷ 1ȸ  , ڷ  پ ڽ Ƿ ư( 2ȣ 1  )",ü
"  չ Ͽ  ǿ   A     ִ H   κ   ָ ȸ , H   ̸  ɾ H Ѿ߸ Ͽ( 8ȣ ) H Ѿ ʾҴ",ü
" H  A   ϴ  ݰϿ   Ͽ( 3ȣ 1,  8ȣ 5 )",ü
" ׷ ,  л ϰ  ϸ, ش   A ڱ H ν ۵ ̰(H   D ̸ Ⱦ Ͽ, ش   A  ˹   ΰ谡 ִٰ   ), H ó 󶳶 ϰ( 8ȣ 5), Ȳϸ(  2)  A  ٰ ȭ  ָ ֵѷ  A   Ͽ¹(  5),  л   A H   ȴٰ  ν    Ȳ̾  ̰, ռ  ǰ迡  H  Aκ  Ÿ Ծ   κ Ÿڻ Ծ, ׿   A Hκ Ծٰ ϴ ذ H ࿡  ̶ Ҹ  Ÿ ãƺ  ¹, ᱹ  ࿡ ־  A å  H װͺٴ ξ ũٰ Ǵܵȴ",ü
" G     鿡 ϱ Ͽ 濡 ãư  ݰ  Ͽ  A  ޾ 鼭 G Ʈ   Ӹ  ,  D   ϶  ϰ G  Ӹ ȴ",ü
 ٽ    A   ϸ鼭 ߸ ߱Ͽ Ӹ 6~8  ȴ,ü
 ׸  A   ߷ á,ü
"  D ߸ ߱ϸ鼭   Ȱ,  Ӹ    ȴ",ü
  A ٸ ߷    ߷ á,ü
 ׸ Ӹ  ä  ޹ ,ü
"  õб 1г⿡ ̴  18:30   ģ D( 'л'̶ Ѵ)  ϴ  л 踦 1ȸ  ָ  2~3  ,  л ڽ  â  ٴ  ˰ ȭ  19:00 ٽ     ڿ 42ϰ ġᰡ ʿ   ݿ Ŀ  ظ Ͽ( '  б'̶ Ѵ)",ü
"  鼭 ̾ϴٰ ϴ л Ͽ Ϲ  Ͽ  ƴ϶, 1    ڽ   ٴ  Ǹ 輺 ū   ָ      2  Ͽ  ϸ   б 浿̶⺸ ٺ ̾  ̰,  ɼ ",ü
" ǰ  ,  Bб 2г⿡  ̴     б  г л C  ָ鼭 , ,   ų   ϰų   ǰ   ΰ  ϴ  ɺθ  Ű,  Ҹ ǥϰų    ʴ´ٴ   C б α   ָ԰    Ͽ( Ʋ '  б'̶ Ѵ) , б¿  å  ( 'б¹'̶ Ѵ) 17 1 5ȣ, 6ȣ  ⼮ 20  л Ư ̼ ġ Ͽ",ü
"  ⿡ D Ѿ D ȭǷ , D ȭ  հ ־ ϰ, D ̸ ź ' հ ߶ڴ' Ͽ",ü
   D  Ʋ  ݾƹ D  ġ Ͽ,ü
"  ⿡  ɸ ̺Ⱑ ڽ ̶ Ͽµ, D   Ҿ л ̶  ̿ ȭ  D ͸ ȴ",ü
      ð ܿ   E ͸  ƴ  ξ Ͽ,ü
"  л 1г 3г  б̾µ,  1г 2б   » ߻ϱ Ⱓ   л   Ͽ  ƴ϶ л  ǵų ٸ ɴ , л  ų ȶ̳ 踦     Ͽ Դ",ü
"   »ȵ     ȯ ̷  ̰,   Ͽٴ  ߷         ü ɰ   ʴ",ü
  ̵  ܿ ƹ   ̳ ٸ  ߷ ,ü
     ൿ  ,ü
 ģ ,ü
"      Ͽ Ǵ, G   ' л     չٴ ڱ   ִ'   , л   ġȸ ' ڽ  չٴ      ְ,  ʼ  ̾߱⸦ ϴٰ ٸ ڽ  Ѿ ٸ ģ  ִ'   , л      Ÿڻ   ִ   ߾ , ϰ       ȴ",ü
"     3  5  ʾҴٰ ϴ(  5  б¿ شϴ     ִ),        ϰ ִµ,    1 б¿ شϰ,   2 , л   ġȸ ' ޸  Ͱ, ׷    ķδ  ʾҰ,   ൿ '  ϰ ִ¹, л , , ɸ   ߾ , ̸ ΰ ܼ 峭 Ұ  б¿ ش ʴ´ٰ ϱ ƴ",ü
"   Gʵб б ⱸ( 'б ⱸ' Ѵ) ' 6  ð H κ ߷ ±⵵ ϰ, ܿ ħ ϱ⵵ Ͽ      Ͽ'  б Ű Ͽ(2019-01ȣ, 2019-02ȣ)",ü
" ӱ  ü簡  ϴ  3   E ̿  ־, E    ޺κ 3 񷯼  ظ   ߻Ͽ",ü
"     ü  Ͽ   ִ    ,  л   ü   Ȳ  'ϱ濡 ģ   µ,  ౸     ߷  Ʒ ̸ ߷  ڵƺ ",ü
"  ϸ鼭 ߷  赵 á' ü ϰ ִ ,  D л   '  л ٰ Ҹ   á",ü
" ģ     ,  ̱  ', 'л  缭,  л ͼ 󹹶ϸ鼭 ٷ 踦  á",ü
"   C    Ȱ  ػ  ۼ 伭      Ȳ Ͽ ""()   ̵  ִ , E ͼ Ȱ    ȴٰ     ٶ E   ִ   鼭 Ѿ ̰ ηϴ",ü
     Eκ Ӹ  ¾  ߻ϴ  6ְ ġᰡ ʿ 'ΰջ' ԰ Ǿ(   '  '̶ Ѵ),ü
"    Ͱ, ̿ ο",ü
 E  I   2 ġȸ ȸǿ ⼮Ͽ '   ̹   Ϳ  Ϳ  E    ִ,ü
"     Ϳ E  Ͽ, E  ϴٰ   Ǿ",ü
 ̿  E ޷  ȷ E  ư Ӹ E   ھҴ,ü
 ׷  E Ѽ ο Ǿ,ü
"   峭 ӵǴ  E   17:31:11  ڿ ߷ Ⱦ ൿ Ͽ, ٽ      ൿ ϴٰ 17:31:21 ָ    ൿ ϱ⵵ Ͽ",ü
 Ư           ִٰ   17:31:30 ޼ E    κ ȴ( '   ' Ѵ),ü
 ̿ E    ݴ   ʰ  ִٰ ޼   κ   ȴ,ü
"  E      ݴ    ִٰ,   17:31:43 E  ޷鼭 E  ü   ֵѷ E  Ͽ, ݴ   δ Ȯ Ȯε ʴ´",ü
   E   پִ ¿ ߷  ü κ Ⱦá   ̸鼭  Ӹ E  ü  ´ִ  Ȯεȴ,ü
"    Ӹ  ¿ E տ 峭   ä   ʿ   Ӹ  Ͽ,     Ϳ    17:32:18    Ǿ",ü
" H, G, I, J( 'H  3'̶ Ѵ)  22:00 E( 'л'̶ Ѵ) Ͽ ġƸ η߷ȴ( '  '̶ Ѵ)",ü
"""  , л  J ڽ   10  л ڽ ѷΰ ־,  O     Ʈ  ٴ   ,   G л     ִٰ ϰ    ҷ ٰ Ͽ    ҷ    ؼ    ʴ´ٸ    ȴ",ü
л  Jκ    10  ڽ ѷΰ ־ٰ Ͽ,ü
 ׷   ߻ δ      ü  ൿ Ͽ   ,ü
"      H, M, N, O, VԴ  ¡ б  5 ߰Ͽ",ü
"    ϰ Ű  G, L, K, UԴ ̿ ⼮ 10 ߰Ͽ¹, ̷   ¡ л б ߿ ߾    ũ ٰ߳  ƴ",ü
   л   Ͽ   Ÿ ϸ ̱  ϸ鼭 3~4 л  ָ  ó ϴٰ  л    ߻Ͽ(      Ѵ),ü
"  E F κ  Ͽٴ ػ ǰ ŰϿ,   A Ͽ л 5 ߰ Ű, ǰ бⱸ Ͽ E Ű  ǰ踦 ľ   б´åġȸ( '  ġȸ' Ѵ) ϱ Ͽ",ü
" F E ̽ ü Ͽµ ȭؿ  ɼ ٴ   A  ó ޾Ҵµ,  A  л  ϰ 뼭 ϴ     ִµ ұϰ  ó бޱü Ͽ",ü
" ׷ л  簡 ݺǾ   ƴϰ,   л  䱸ϴ    ذ ־ ұϰ 20 Ѵ ο  л   Ͽ¹, л Ǽ     ϴ ̷  ȭ  ",ü
"   б ٸ л Ǽ    ȭ  ϰ  ̳ ο  ƴ϶, ռ  ǰ  6 б 20 ο 𿩼     л л    ̰, ̷  л  ڻ Ǿ 3ְ ġᰡ ʿ ظ Ծ¹,  ɰ̳ Ǽ ߴϴ",ü
" ݸ  Ͽ '' 'Ư̼ 10ð' ó  л л ϰ ϴ   ϴ     ߴϿ¹, 鿡    ġȸ ġ  л     μ Ģ ȴٰ  ƴ",ü
"2 б° Ͽ,  A    ɽð б 忡 H   ¾Ҵµ, ̸  ģ ħ 忡 ִ 翡   ˷ȴ",ü
" ׷ ش   б б ߻ Űϴ  ʿ ġ  ʾ,  A Ƿ ƿ  ٽ H Ŀ Į ´ б ϰ Ǿ",ü
"   A  б ɽĻ縦 ϰ ϱ ϴٰ 13:00 б 忡 F ָ 踦   ´ б Ͽ, ̶  ֺ G  л F  ʰ  ־",ü
"   A H   ɽð б忡 ư 뿡 ౸  ̸ ϰ ־µ, H ʰ Ǿ H    , ڱ  A   ݱ  ڿ ޷  H ư, ̿ ȭ  H  A  弳 ϸ鼭 οٰ ֺ ִ  ֿ  A  ȴ",ü
"   A H ɽð ģ  13:05  Ƿ ƿԴµ, ٽ ú Ǿ  Ǿ, H Ͽ  ִ ĿĮ Į  ִ ¿ ĿĮ  A   κп ° Ͽ(  A ̷  ü ó  ʾҴ)",ü
"   л ۼ б Ȯμ ϸ,  ⿡ л 찳 ٴ   찳 ߷ , ٸ л Բ л  ִ  Ȯ   ̸ Ƽ   ̸       ൿ Ͽ",ü
" F 2011   D  Ӹ   ָ԰ չٴ ų 䳢ó  ٰ Ű   ԰,   D ʴ  ܽʹ",ü
"   ۼ ,   D      F , Ͽ, бⰣ  Ϸ絵  Ӹ  踦 ָ԰ չٴ  ¾ҽϴ",ü
  ʴ´ٰ Ͽ ģ  տ ָ 踦 ȴ,ü
 ̳  ǹٴ    鼭 ´,ü
"   б б´åġȸ( '  ȸ' Ѵ)  Դ '  12:15   б  ౸ տ  л Ͽ ġ 2 ظ ', лԴ 'л  ð,  ҿ  Ͽ ɸ Ҿ     ǻ Ұ '  ġ Ͽ,  л Ͽ   б¿  å  (  16441ȣ Ǳ  ,  'б¿'̶ Ѵ) 17 1 1ȣ    ġ ǰϿ",ü
" ׷ л ڽ  ٰ̰ ϸ  ġ    ,    ̸  ̰ ϰ  Ӹ Ͽ",ü
  л   K Ȯμ ' л  ָ ȴ,ü
" Ǿ ְ, L Ȯμ 'л  չٴ Ȱ   ȴ",ü
", 'л  Ӹ  90   Ӹ ȴ",ü
"  ߰   Ȳġ ָ   ư,    Ӹ  ޼   κ ,  ڽ 踦 ",ü
 E   ȭǿ        Ͽ,ü
 ׷  ϴٰ E ڱ ȭ ؼ      ,ü
 E ڸ ǳ ,ü
"   ߾ ǰǴ, ռ  ǰ ̸ Ͽ   ִ Ʒ   ϸ,  E Բ ڸ   ȭǿ  , E      ̸ Ѻ ־  б¿ شѴٰ  ϴ",ü
  'ȭ   ˾Ҵµ E ڱ    Ͽ,ü
"  翡  ü  ϸ,  1  ""I H ⸦  ",ü
    H ⸦ ȴ,ü
"""̶  ,  ġȸ ""(H ⸦) ̺ҷ ģ  ƴ϶ ̺ҷ ⸦ ȴ",ü
"""  , H "" (ڽ ⸦) ó ̺ ä   ° ̺  ȴ",ü
"  ǿ ϸ  H ⸦ ȴٰ   ְ      Ӹ ƴ϶ ġ  Ż ظ ϴ ̹Ƿ, б¿ б¿ شѴٰ  Ÿϴ",ü
 E  F  ' E  ƴ E ȭ 𼭸 Ӹ ε  ÷ 5 ڴ ġḦ ޾Ҵ'  б Ű Ͽ,ü
" ڴ '  ϴ ̳ ظ ߴٴ   ޽ ų ߴµ,     ",ü
"׿ ̾,  E   3ø ģ  ð 2 ȭǿ ϴ ,  E  , E    ȭǿ ġ Һ     Ӹ ȭ  κп ε<2>,   Ǯ  E  κ ָ 1ȸ Ͽ, ̷ Ͽ E 忡   Ǹ ȴ",ü
" E б  Ű  б ܰ迡     ̸ ü    ڽſ   Դ  ʹ޶ ŹϿ Ͽ,  Ӹä Ұ, ̸ Ѹġ ڽ  ȴ١   ϰ ػ ϰ , ̴  L  Ѵ",ü
" Dб, б´åġȸ( 'ġȸ' Ѵ)  ȸǸ ϰ, "" E  б Ͽ"" , 'б¿  å  '( 'б¹'̶ Ѵ) 17 1 4ȣ Ͽ ȸ 3 Ͽ",ü
"    л E  ۽  ϰų Ӹ  ൿ   ֱ ϳ   E Ȱ, ڽ ⿡ 峭     ƴϿ E ڸ   ٴ  Ȯμ E 𿡰 ۼϿ ֱ⵵ Ͽ",ü
    E Ȱ ų Ȱ   İ ĥϿ E      ų E Ȱ  Ͱϵ ϱ⵵ Ͽ,ü
   ۿ E ĭ ΰ  ʴ  E   Դ  δ,ü
"  E  E  ౸ ⿡ Ű۸ ϴٰ   Ͱ õ ̾߱⸦ ϴ  Ͽ,  E 忡   <1>  ȭ   Ͽ",ü
 л  6() 3г 3 ǿ   ,ü
"()  ۵,  հ  å ɾ ִ л  ġ,   öŸ ƹ,  () ú ",ü
" л     ̸ ϸ  ġ ,   ۵ ڸ ư",ü
 6() غ        ٽ  л  ġ  ϰ ú  ɾ,ü
"  ׸϶  ƶ ʰ  , л ȷ Ƽ  ո ü  ϰ ",ü
 л   ' ʰ 鼭  ϸ ׸д!'   ո è,ü
" л     ġ    л  , ģ   л '      ?'   ٽ ͼ  ,  ɾ Ѿ߸",ü
 ο     ¿    л   ߷ 2 ,ü
" ̿ M N  O, P, Q( F ģμ 1г) Բ   ޽      б α   ,  ڸ Q  ,   5 ȴ",ü
"  л ٽ 'W' ̵   H  ο쵵 ߰, O ͸  ο  ˸  H οٰ   3  ݺϿ, α ֹ Ű  ⵿Ͽ Ȳ Ǿ( ' '̶ Ѵ)",ü
"   б Tб, Uб, Vб   ġȸ(2 ġȸ)   1)  3) ǰ õ , H, M, N, Q, X, O, Y, F, R, Z, AA, AB, AC, AD, P, AE( ' л'̶ Ѵ)  Ǹ Ͽ,    ǿ Ͽ ' л  ͷ     ϰ ѷΰ  H Ͽ ȣ ο Ͽ  װźҴ ¿   H ο ۿ Ƿ,  л ƴ϶ л ̴",ü
"    ôϰ, ' H ȣ Ͽ,  ڸ ִ O ͸  ο  ˷, X '  ο!' Ͽ, Y  H ο   ԿϿ",ü
" ǰ踦 ϸ鼭,  H ֹ  л л, O, X, Y  ֹ  ڷμ  H  б л̶   л鿡 Ͽ Ʒ ǥ    Ͽ",ü
" ׷   ε, ڰ      ̸  ǰ 䱸Ͽ,      ̶  ޽ ⵵ Ͽ, ָ   ʾҴٴ   б  ڸ Ͽ",ü
" ǰ   ȸ ǰῡ      B Ͽ '  D Ͽ Ȱ      ɺθ ,     䱸ϸ, ģ踦 ̰Ͽ  Ͽ, ð̳   Ȱ Ӹ  ư, ʵƮ(field trip) D ҿܽ״'  , Ư̼ 6ð, кθ Ư̼ 5ð ġ( ̸  '  ó', '  Ư̼ ó', '  кθ Ư̼ ó'̶ Ѵ) Ͽ",ü
" F  D б 米翡 '   ϴ F ü    ԿϿ ̸ Ͽ,   F  E ̿ ߻ б ȿ Ͽ  ޶ ûϿٰ,  , F οڰ ϸ鼭 F Ͽ,    Fκ    10   ʰ ִٰ, F б Űϰڴٰ ,   ƹ Բ F ãƿ   Ͽ'   б Ű Ͽ",ü
" ڽſ  Ͽ  1б ޶  1,000 3~5   '  б½Ű( '  Ű' Ѵ) Ͽ",ü
" D   D   ķ ߿  ģ   õ  Ͽ,  D  Ͽٴ   ϰ  ݰ     ٸ ģ鿡    ߼ ʴ 밡 ݿ<4> ޶ 䱸Ͽ, ̿ D  ݿ ־ٴ  Ͽ",ü
"     ݼϰ ְ, غ   , л  ̾   ʴ  δ ൿ Ͽ  ̸ غϴ      ̸  ,      Ŀ лκ  Ͽ  ĿǴ ظ  ,    ó Ͽ б  Խÿ    Ͽ, ε  Խÿ ް   ſ ū   ϸ,   óп 緮 Ż  Ƿ ҵǾ Ѵ",ü
"   б  ̴ л ϰ,   л  ٸ б  Ͽ л б ãư л  ϰų ڵ Ѱ ձϴ   1    б Ͽµ,  л ,    ϴ ̴  ̰ ݺ ̷  شϿ  б¿ ġ ʿ  ̸ٰ  ϴ",ü
" б´å ġȸ( '  ġȸ' Ѵ)  ""  -  Dб 3г л  ü, ǰ, 信 Ͽٴ ȿ Ͽ ȸǸ Ͽ,  Ͽ б¿  å  ( 'б¿'̶ Ѵ) 17 1 8ȣ   ġ ǰϿ",ü
" E ȣڴ  ߼ ǰ  '  л   ֵ E    б ߰, F  ϱ  G 󰡿 E ȴ'  б Ű Ͽ",ü
" ռ        36ȣ(ȣ ִ  ȣ ,  ),     Ǵ ,  ü  Ͽ ,    ó ġ   ܵ Ǵ D  ٸ л      ְ,   , ,   Ͽ л üŻ ظ ִ μ  б¿  б¿ شѴٰ  Ÿϴ",ü
"  ظ ޾Ҵٴ л D   Ͽ ũ '      ϴ ,  ɺθ Ű ,  TV ų  ð  ġ ,   Ű ,     ' ƯϿ ̸ ṵ̈ ϰǰ ϰ ְ, ޸  л   ź ô   ",ü
"    ó  ް ,  D б 米翡 ""E  ¦ '   ' Ͽ, E üð Ǽ Ͽ Ƿ ٳѱ⸦ Ͽ  ȸ  ŸϿ""   'F  Ͽ  ο    2 ġᰡ ʿ ظ Ͽ, F      峭 Ͽ,  Ż ü ԿϿ SNS üȭ濡  ÷, F   ӴϷκ       ʾҴ'   б Ű Ͽ",ü
" ׷    6     A л Ӹ ġ,  ,  ڸ ڸ ڷ о л  ϰ, л  Ӹ     Ͽ,  D  ̼ л Ӹ , ̳ 踦  ġų  ϴ  (   Ͽ '  ' Ѵ) Ͽ",ü
" ׷  л  л  ļ    Ǿ,  л Ӹ ָ԰ å ȸ  ÷     л Ӹ ° μٰ  ,    б   л  л  ϴ    弳 ϸ鼭 Ҹ , л  ü    ݸ  ָ л   å, ÷,  л  ٰ  ,     ٸ л  ڱ л  弳 ϸ鼭 Ҹ  Ͽ, å л Ӹ 3~4ȸ , ֺ ִ ÷,   л  ٰ    ߾  , л  α׷   ڰ ȸ ϰ   ϴ   弳 ϰų     ȴٰ ϴ, л   ϴ    б ߻Ͽٰų л   б   ϴٰ  ƴ",ü
"  D  A Բ л  Ѹ, л å ٸ  ǿ  ξ,  D, G, J  A Բ ٸ л   л 弳 ϴ , л ɸ  Ͽ",ü
"   б 2г 5ݿ   F  ǰ E ٸ лκ ü,   ϰ ִٴ  б Ű ϸ鼭,  л G, H, I  ƯϿ",ü
" ǰǴ, ռ  ŵ鿡  ü  Ͽ Ǵ    ,  ռ  ٿ      Ͽ  Ͻ, ,  Ȳ   ü ϰ ְ,  ֿ κ ϰǰ ڿ ,   D 踦 ǿ   Կ ߰  å ̷ Ȳ ȭ ᱹ      Ͽٴ   Ͽٰ ϳ,  ȸ D  ֹ ޶ ϱ, å ޶ ϱ,  ϰų  ġ   Ͽٰ  ,  H, I   D û Ͽ ̷ٴ  ϴ D     ٸ ŷ      Ͽٴ  ϱ  ,      ó  D   ° ȿ D ٸ Ҵ١  Ű  ̷       D    ٴ  ϳ,  Ű    κ 7 ̻   ̷,       ִ  ƴϹǷ ̸ ޾Ƶ̱ ư,  ۿ D     Ͽ   Ű  Ư ⳪  ãƺ  ,  D Ű õ ǿ  Ҽġ ־ٴ ̳( 16ȣ 18ȣ  翡  ü  ϸ, D Ű õ ǿ   Ҽġ   ǳ,   ǿ Ͽ ûû ˻簡 ҳ⺸ȣ ġó   δ)  D θ ̿ ǿ  ǰ ־ ǰ     ̱  Ǽ ʾȿ   (һ ټ Ǿ  ϰ ) ־ٴ δ D  ź źٵǾٰ      , D  ź ִٰ  Ÿϴ",ü
" ü   ߱    ϰų ð  Ű     ٰ   ,   쿡 ܼ 弳 ġ ʰ л θ ϰų ϴ    ſ ϴ",ü
" ǰ    ġȸ û  '    ̿   ķ     б D , ,  ݰ յ   , ǰ   б Ͽ'   10ð Ư̼  5ð ȣ Ư̼ ġ Ͽ(   ġ  10ð Ư̼ ġ '  1ó', 5ð ȣ Ư̼ ġ '  2ó'  Ī Ѵ)",ü
" ռ    ,     ߾  D '  ', '  ', ' ݰ    ', 'ǰ  ' ü νϿ, ̸  ǻ翡  Ͽ",ü
" ׷  D    ϰ,  Ѵٴ ̸ Ʒ 20~30   ݰ   ְ ϴ  ְ, Ǹ Ѵٴ  ݿ Ͽ",ü
" D  E  '  ķ κ , , ǰ ,   Ͽ'  Ű Ͽ( '  Ű' Ѵ)",ü
" D    ķ ְ  '  ķ κ , , ǰ ,   Ͽ'  Ű Ͽ",ü
"ռ     4  6ȣ  翡  ü  Ͽ   ִ    ϸ,    ķ D , , , ǰ   ν  б¿ 2 1ȣ  'б'   ̴",ü
"  л ο ϴ  ڽ г븦  Ͽ л Ҹ 鼭  弳 Ͽ, ָ԰ å л Ӹ  , л  ÷,     л Ӹ ° μ Ͽ",ü
 Fб ⱸ 縦   ǰ '  ϼ  ϼ D ° ü Ͽ' ȿ Ͽ б´åȸ  ûϿ,ü
"  ۼ Ȯμ( 8ȣ 1) 翡  л Fб   (  16ȣ, ȣ ), D  ܼ( 6ȣ  縦 Ͽ ,    óл     ˳   ְ,   ݺ ߾   D ü ظ ϴ ̳    б¿ شѴٰ  Ÿϴ",ü
" D ģ ̱ ϳ ģ ̶   D ϴ ൿ ܼ 峭 򰡵  ,  , , Ⱓ, л    Ͽ  б¿  б¿ شϴ θ ǴϿ ϴ¹, ռ  ŵ,  11ȣ  ü  Ͽ Ǵ    , ռ  ٿ          ȸ ߻  ƴ϶  G Բ ︮   ߼  3  ߻ ,  G Բ D ݺ  ɺθ Ű 弳   Ͽ ̷ Ͽ D ü    ̴ , D   鿡 Ͽ  źǻ縦  ,      D ̸ ź  弳 ϱ⵵     ,  D    ܼ ģ  峭  ư  б¿ 2 1׿ ϰ ִ ࡯   ɺθ  شѴٰ  Ÿϴ",ü
" ûֱû б´åȸ( ȸ Ѵ)   л  б  Ͽ ȸǸ Ͽ, ǰ  ȸ ǰῡ    Ͽ  л   ü   ü?Ż ظ Ͽ١  б¿  å  ( ̶ Ѵ) 17 1 ,    ٰϿ , ?? , , Ư̼ 5(30ð)  ȣ Ư̼ 5ð л ġó ȴ(Ͽ  ó   óС̶ Ѵ)",ü
"ռ  ǰ迡 ϸ,    л  ź ִٰ ̹Ƿ,  л      ü    Ͽ ϱ⿡ ϴ",ü
" E  ޽Ľð ġ⸦ Ͽ  A   ڷ  A , , óġ, ġ, ߡ, ģ⡯  弳  ,   A ޸ ȸ  , չٴ  A    A    ,   A, F ̾߱ϴ  ٸ鼭  A   A ûŸٰ Ѿ ٸ ġ      A   ־١   ǰκ  ó ޾Ҵ",ü
" ׷ л ħ װ ٰ 쿬  ȭ    Ͽ,  л  ϸ ٰ  ( ̷   2  Ѵ)",ü
" Dб б´åġȸ( '  ġȸ' Ѵ)  ' л  ߼     , 2ȸ ~ 3ȸ ٳѱ , ٴڿ   öŸ ,  ٸ ħ , ٸ ⸦ ,    Ǹ  ŻϿ  ̴  Ͽ'  ȸ( '  ȸ' Ѵ) Ͽ     ġ    ǰ   ġ    ûϱ ǰϿ",ü
" б¿  å  ( 'б '̶ Ѵ)    б ġ б´åġȸ( '  ' Ѵ)    ɽð 忡 E  ' ÷ ̾'  , 2 л  ¯    ʷƼ  Ʒ   E  ô ϰ, 'ó̴ϱ , ִ Ŵ'   Ͽٴ ǰ谡  ,  б лμ 'л  ,    ', 'б  3ð', 'Ư̼ 2ð  ' ȣڿ  Ư̼ 2ð'  ΰϱ ġ ǰϿ( 2ȣ )",ü
"  ȯ  E ʰ̷ ϴ  Ѿ E ̰ų  ߸ ٸ ̵  տ     Ͽ, E   Ѵٰų ڸ  ʴ´ٴ  ݼڷ E     Ͽ",ü
", F̰ D̺ ٸ ģ ض ؼ  ߴ",ü
"1 б° Ͽ,  A Ӵ  C    5г ӱ翡, ׸    ɽð ӽ ӱ翡Ե,  A F κ    ϰ  ˸鼭 ̿   ġ 䱸Ͽ,  F  ߻ Ŀ 15:30 ӽ ӱ翡 б ߻  ˷ȴ",ü
" ׷    б б ߻ Űϴ  ʿ ġ  ʾ,  A     F G ݺ б ϰ Ǿ",ü
" ġȸ ֿ  ߿  ġȸ  ȳ  "" 3, 7 л 1 л б   ȭ ׸ ¶ ̽    ִٴ Ű ""  Ѵٰ Ǿ ְ,   Ѵٴ   Ǿ  ʴ",ü
"   б б´åġȸ( '  ġȸ' Ѵ) 'E        ̿    б Ͽ'   , E Ͽ б¿  å  ( 'б¿'̶ Ѵ) 17 1 2ȣ  ,   5ȣ Ư 20ð, 9 кθ Ư ̼ 5ð ġ   ǰϿ, ǰ   ġ  ϴ ó( '  ó'̶ Ѵ) Ͽ",ü
" Ư,  D ⸦  ģ  D   ⸦ ġ Ϳ ϰų           Ϲ D   ƴϸ,  D   öŸ ⸦      ִ",ü
"   б б´åġȸ( ġȸ Ѵ)    ڽ  Cб 1г   D, E F( л顯̶ Ѵ)   ϰ ̵ Ű ϵ     Ͽ١ (    Ѵ)  Ͽ  б¿  å  (  16441ȣ ϺΰǱ  ,   б¿̶ Ѵ) 17 1 9ȣ  ó ϱ ǰϿ,   ǰ  Ͽ ó(   óС̶ Ѵ) Ͽ",ü
" ׷ F "" ϳ̳"", ""ϳ"", "" ƾ?,  ƾ?"" ߰,  ""ƴϾ"" ߴ ƳɰŸ鼭   䳻  ָ      ȴ, ̰ 峭 ƴϴ, б ٴϱⰡ   ʹ  '  Ͽ",ü
"(ü  )   G  ġ ų   ʴ л  ¶λ ±׸ ޾Ƽ Ȱ, HԵ  ɾ Ѿ Ͽ,   ġ⵵ ",ü
"     E  ̰ ־ Ǿ, 3г Ǹ鼭 ٸ ݿ Ǿµ, E ̿ 弳 ϰų, Ϻη εġ   Ͽ ߻Ͽ,  б ܿ E   Ŵ ٶ Ѿ ϰ , Ӽ԰ θ𿡰 ̾߱ Ͽ, ̸  E F б ŰϿ",ü
" J  16:50   б 1г 8  E  Ȳ ȭ ȭ ϸ鼭 ָ԰ ߷ Ƽ ļϰ,    6 ٸ л鿡 'E  鼭  ϰ ̷  ӴϿ Ѵ",ü
" 7  12ȣ  翡  ü  Ͽ Ǵ    Ǵ  ,    θ бȮμ  H  ҷ Ŭ Ͽ   弳  ٰ ϸ鼭  弳  Ͻ, ҿ Ͽ ü  ʰ, ٸ  ־ ο Ͽ ٽ ü ϰ ִ ,  л Ű H    ǰ ٸٰ ϰ Ͽ,   ̿ܿ Ű뿡 ϴ  ڷ  ,   ظ Ű  ߻Ϸκ 1 Ͽ     ڷ    ̴ ,  Ư  D ģ  ־  H  ο Ͽ  ȸεǱ⵵ Ͽ,  θ H  θ ̿ λҼ Ǵ   ̿  븳 Ȳ   ġȸ     Ҹ ϱ ƴٰ Ǵ   ϸ,   ġȸ  Ű뿡 Ͽ ġ     Ÿϴٰ Ǵܵȴ",ü
" 3г O, P, Q( 'л'̶ Ѵ)  ҿ ̺ Ʒ  ִ 3г R( 'л'̶ Ѵ) ߷  öƽ ̷߱ ϰ( '̺ '̶ Ѵ),   л ٳ   ٵø ԰   ߻Ͽ( '  б'̶ Ѵ)",ü
" ׹ غ񡯶 ϸ鼭  ٴ     D ̸  F ָ  D 踦 鼭   ٴ  װ  D F ÿ   ٴ (,   б¡̶ Ѵ)",ü
"()  E ӱ 1г ȴ米 H  E кθκ ""E   1г 6 л , I, J, K, L, M  1г 7 л N, O, P, Q( '  10'̶ Ѵ)κ    Ͽ"" б Ű ޾Ҵ",ü
" Dб б´åġȸ( '  ġȸ' Ѵ) ""л  5 Ŭ ð ü ܻ  л  ų ߿ "" ȿ Ͽ  ȸǸ Ͽ( '  ȸ' Ѵ),  б¿  å  (  16441ȣ Ǳ  ,  ' б¿'̶ Ѵ)  л鿡  ġ ǰϿ",ü
"        л 4 ۼ Ȯμ Ͽµ, ̴ ַ D   ų 弳 Ǵ е帳 Ͽ   öŸ ڽ ⸦ ⵵ Ͽٴ ̰,    л D   ⸦   20ȸ  Ͽٴ  ۼϿ",ü
 D   ų    ϴ  Ͽ D  ġ   Ͽ ̴,ü
" Eб б´åġȸ( ġȸ Ѵ)  15:⵵ 4ȸ ġȸ ȸǸ Ͽ  A л л ̳    Ͽ  ־, Ƽ Ѿ Ծ,   ǰ Ѿ  ʰ ų  δ  Ͽ",ü
 E  F   15:00 Dб 1г 9 ǿ  E     Ƽ  Ͽ,ü
"   A    Ͽµ G 08:20 ǿ   A   ¹ ٸ Ȱ, ̿  A   忡  ,  ִ F  Ѿ ȴ",ü
"   A     G ¹ ٰ  Ͱ F   Ѿ  ε, G   F  A    ̸  ʰ  ֱ Ͽ    G F ࿡  Ͽų ̸ ٰ߰   Ŵ ϹǷ, ӽ ӱμ    ľϿٰ ϴ G Ͽ ̸  ġ     δ",ü
"  A H  弳 ϸ鼭  ο ߴ  ̰,  A Ϲ     ʴ´",ü
"  ġΰ Ͽ,  ǿ Į  ò ϴ  л    ش޶ Ͽµ,  лκ    ߡ 弳 Բ Ǳ Įٷ ġ ݴϿ 뽺  ݻ ָ ֵѷ  л ϰ Ǿ",ü
"    Բ    ൿ Ͽ, л   ʿ  ܸϸ ϰ 弳 Ͽ, ׿   ൿ   Ư   ,   л   ߾ ,    ൿ л 尨    ൿ̶  ϴ",ü
"   б б´åġȸ( '  ȸ' Ѵ)  ȸ( '  ȸ' Ѵ) Ͽ ""  '2018-12  '    ߹ݺ 11 1г 5   ܿ  E Ͽ , ü  б "" ġ( '  ġ'̶ Ѵ) Ͽ  'б¿  å  '(  16441ȣ Ǳ  ,  ''̶ Ѵ) 17 1 8ȣ  ,   3׿  лƯ̼ 5, лȣƯ̼ 5ð ġ( '  ġ' Ѵ)   ǰϰ, ǰ  ġ   ûϿ",ü
  E ڿ  ϸ鼭    ִ,ü
"   ȭǷ   ڿ ' ο򱸰 Ϸ  ̴'  Ͽµ,  E ҿ ڿ  ϰų ڸ   ڸ    ˰ ־Ƿ, ̷  Բ ϸ   'ο ' E   ֹ̰   ǹϴ ٰ̾  ƴ",ü
" ûֱû б´åȸ( 'ȸ' Ѵ)   D Ͽ ȸǸ Ͽ, ǰ  ȸ ǰῡ   D Ͽ '   ü Ͽ Ż󡤽ü ظ Ͽ'  б¿  å  ( 'б '̶ Ѵ) 17 1    ٰϿ л  ,  2(4ð), Ư̼ 1(3ð), ȣ Ư̼ 3ð л ġó ϰ,  Ͽ 'D   ü,  Ͽ Ż󡤽ü ظ Ͽ'    1    ٰϿ л  , ȸ 2(12ð), Ư̼ 2(6ð), ȣ Ư̼ 5ð л ġó(Ͽ    ȸ, Ư̼, ȣ Ư̼ ó Ͽ '  ó'̶ Ѵ) Ͽ",ü
"  л ð  ߸ ൿ ϰų 鿡 弳 ϴ    Ͽٰ ϴ ׷  鿡  ġ  Կ ־  ҷ    ,     ƴ϶ų  å ٰ   ",
"   F     E   Ÿ Ÿ ,  Ѿư E   ڹ ü  'ο, ҹ(Ӹ) ڴ",
" л   οڴ  ޽ °,  л  3 л F ׷ äù濡 ʴ  л ü ڴ  ޽  б 1г  θڴٴ  ޽  л ϰ  ־",
" ׷  ǰ    翡    ִ    ,    ϴ ̿ л  弳  ޽   Ϲ ú ɾ  л ο ̸  ,    л 󱼿 ξ л   ϰ Ǿ,  ķδ  Ϲ л  (  I ' л  Ȱ, л  ¾Ҵ' Ͽ,  O ' л Ϲ ϰ ־, л 󱼿    ־   ʾ ָ  ֵθ   ָ  ʾ, ο       ݸ л Ǹ 긮  κ ξ ־' Ͽ),   Ϻ  ó   ģ ݸ, л Ʒ    ü ظ    ߾ ,  л  ,  ɼ,    ϴٰ   ",
 л Ӵϴ   л     ǰ  ǿ л ȥڴٴ ڰ 'D  ֳ?'  Ͽٴ  б Ű Ͽ,
"  H  л ʵб 6г  ˰ Ǿ  Ͽ, б ģ鿡 "" ģ I""̶ų  л ڸ  ģ ""ʵ I Ǵ ų"" ϰų ģ  л 峭ġ  鼭   л ""J""ų ٶ ϴ   Ͽ",
"  F, H    Ǿ ġȸ  Ǿ   л ſ   ϰų ''̶ ƳɰŸ鼭 Ͽ",
 ? ϴ ž?  ݾ? ,
"   22:00   23:00 ̿   FƮ 忡,  ޴ȭ ڿ  1   Կ  װ װ,  Įָ,   Įٲ  ޽ Ͽ ̿   ڷ Ͽ   00:53 ݼ ۼϿ īī  Ͽ",
"   07:59   DƮ Eȣ  ְ,  ޴ȭ ̿Ͽ ڿ īī ޽   ڿ   λ  ٰԡ  ޽ Ͽ ڸ Ͽ",
"   21:49  ı ִ G п, ڿ   ʴ´ٴ   ޴ȭ ̿Ͽ ڿ  ã  , ٸ ڶ ϴ   ʴ ̳ġ, ֳ, ̰ڴ١  ޽ Ͽ ڸ Ͽ",
"   20:49 һ, ڰ ڴ  ߴٴ   ޴ȭ ̿Ͽ ڿ ãư?, ãư, ϰ  ݾơ,   ãưŴ, ڱ׳ɡ  ޽ Ͽ ڸ  Ͽ",
"  Gб ٸ л鿡 л鿡    ҹ ų,  л ҷ η 갨 ְų,  E ҷ ߸ ϵ ϸ鼭  η ް   ¹,   ó   ̴",
" ư F  Gб б»  ,   ҷ    ٸ ģ Բ ־µ   ġ鼭 ""̳"", "" "", "" ϰ "", ""  츸ϰڳ""  ϰ   ϴ   Ͽٰ ü Ͽ",
""", ""    ְų(ġ ָ鼭 úŴ ) ġ  б    ֵ   ",
"  ¡̶  ̳ 弳, Ÿ  ΰ ϴ ΰ     ʶ߸   ִ  ϴ¹, л  ̷   б¿ 2 1ȣ ϰ ִ , Ѽա,     л ü Ǵ  ظ ϴ     б¿ شѴٰ  ̴",
"ռ 캻 ٿ    óп óл  ʰų ġȸ ?ǰ  óл   ¡ġ   ڰ Ƿ,   óп 緮 Ż?  ִ[ óл 踦  óл ϴ, E̡   ޽Ľð ġ⸦ Ͽ    ڷ  , , óġ, ġ, ߡ, ģ⡯  弳  ,    ޸   (̸ 㡯) ,  չٴ       ,     Ѿ Ͽ ٸ ġ  ,    °   б   Ͽ  ǰκ  ó    ߾ ,     ó ó     Ͽ    ó ν  Ģ ϰų   óμ   Ģ Ͽ 緮 Ż? óп شѴ]",
" E  Ⱓ( ~ )    ٷ    E ӱ F ãư, ڽ   κ   Ͽٴ   Ͽ",
"   ġ    л  ƽ ָ 䳻 ,  ð    ,  лκ  ͸ л å ÷ ξ ̸   ε, ̴   ڿ  ϰ ڷκ 뼭 ޾ ̹  ̰ų, б¿ ش ʴ б ϻ Ͼ ǿ Ұϴ",
" б  л ̴ ƽ ָ 䳻    ̿  , ̴  2 1ȣ ϴ 忡 شϰ л Ż ظ   б¿ شѴ",
"   Ͽ ,  л ϱ Ͽ ð   Ͽ, ̷ Ͽ л   ޾Ƿ,    б¿ شѴ",
"   ٸ л ų, 弳 Ǵ Ⱦϴ  ϰų, ģ   ų, ð  ų, ð ⸦  ٸ л  弳 ϰų, 翡 弳 ϰų, ٸ л â ΰų, ٸ л  ų, ٸ л հ  ߷  ̴   1Ⱓ 21  ۼϿ( 12ȣ)",
"   , 弳   21  ۼϿ",
"     óп  ġ , ġ      ռ Ͽ,      ó ",
  I D  ִ ڸ  C Űϸ ׿,
" K   ġȸ ⼮Ͽ,  ǿ ȥ  , L  鼭 ū Ҹ '  ù߳'̶ Ͽ",
  л  л  ΰ  ־,
"   ǿ   л F Բ ̾߱ϴ , F   л Īϸ ""  E""̶ , ̿ ٷ  "" ģ E""̶ Ͽ( '  ' Ѵ)",
"  F ģ ִ б ǿ     Ͽ¹,  ݿ E   л л̹Ƿ 'E'̶ Īε л  Ưȴ",
  11ȸ  E ڽ 䱸ϴ ൿ      ٸ  ϰڴٰ ,
" E   2踦   E 𿡰 E  ð 踦 ǿ  ڴٰ  , E ̿  ƴ E 𿡰   ",
"  л ̿  ģ   ,  G л  'ɷ ', 'ڸ', '̴ִ",
 E  Gб 㱳 ϴ  ڻϰ ʹٰ ̾߱ϸ鼭  Fб    Dκ    ,
"    ġȸ ⼮Ͽ 'ڽ б     ģ鿡 Ǹ ߴٴ  ϰ  """"̶ Ͽٴ  ",
" 2  ű⵵ ? ٸ ?!  , ҽ  ݽô!! ׷  ູ!!    ٰ ,   ̿ !!! ̻   þ Ծٲ!!!(Ʊ Ʊ), 2    G     ~~ # ๰  ΰ ٲ!! !!   Խõ  ȴ",
" ƿ﷯   óл ü   A F E ھ̶ֵ   ǥ ̷? ϸ鼭 콺ν ǥ  E , F E ׶ϰ  ٰ Ͽٴ Ͱ,  A E ︮ ִ ģ ٸ  ٴ ̰͡ ġȸ E F Ȯμ  ٰŷ  óл 縦 Ͽ",
  H  D ' ڲ  ׷'  'װ  ־   '   ִ,
"   ϱ濡  Ӵ, ӱ ϴ  л  л ӴϿ 쿬 ģ   ڲ      ϰ  ô ϼ䡯 Ҹ лԴ Ϸο ߳ơ Ҹ ƴ",
"   б 2г 8 ӱ  2ÿ л鿡 ' ' ״µ, E  ڷ Ͽ "" ù â ",
" ù ¥ ʷʱ  Ⱦ ù"" ̶  ( '  ' Ѵ) ۼϿ",
" ̾  ,  H, I ɽĻ縦 ġ  Ϳ  ִ ,  ģ   E ڱ  ٰ ""~ ~̶ θ   '޷' ϰ , ̿ ġ   E  ' ' Ͽ E Ͽ      ü̴",
"   Q ҾȰ  ,   Pб Rб   Q ٽ   䱸ϸ ߳ ׿",
"  5-1,  7-2ȣ,    5-     ü  ϸ,   ġȸ   ġ ǰ   A Q ۼ  Ǿ,  A, C  Q Q Ӵϰ   ġȸ ⼮Ͽ ڽŵ   , Q    A Q  ߳ ׿١  ,     Ͽ 浿 ׷ٰ  б ൿ ϰڴٰ  Ͽϴ",
" л , F, G, H  ִ ڸ б  ķ  Կ    ظ  ( ķ ǡ̶ Ѵ) ִٰ Ͽ, ̷ ̾߱⸦  л л 鼭 峭 ƴµ,  ٸ л  л    Ͽ, ̷ л   ޽Ľ Ա ϱ ̾",
" ׷   ȸ     ȸ ȳ ۺϸ鼭   θ𿡰 ""  ð ۰  л ' 빮 ȳ'  "" ""  ð  б л  Ǹ  "" ϰ, ""( л  Ǹ   л 'ϴ ų' )  'ϳİ?  ?'  "", ""л Ű   ٸ ģ ϻ ü ְ   'ġ ' ϸ л   ȭȭϿ ٸ л鵵   ˰ Ǿ л   ߴ "", "" ̽  л ˿ ˷ ϰڴٰ ν л   Ͽٴ "" Ͽ ̸ ϰų   ȸ ȸǿ  ǰ  ٵ ",
"  D  G L M ޽  D     ˰ Ǿ, ̿  ٸ ģ 3 G L     Ϳ Ͽ ƳɰŸ 弳 ϰų     ⸦ Ͽ",
" G  L 谡 ģ ̿ ҹ   ̸ ϱ Ͽ, ̿ ȭ     б ǰ ǻͽǿ G 弳   Ͽ",
"  "" ƿ "" ڽ ģ鿡 ϴ    б  ֵ  ̰, л鿡 ""ġ ܶ úƱ ϱ   "", "" úƱ ϱ   ϶   ͵ ",
 뵵 ȵǴ°,
""", ""   ȭϱ "", ""  ¥  ٤ ̷ ģ     Ĥ",
" ռ  ŵ鿡 Ͽ   ִ   鿡 ߾ ,   ó    E E Ű۸ Ͽ   Ͱ Ͽ ' Ƿ ƴϴ'  Ͽ ƳɰŸ ǥ  Ͱ,  E   ־ٴ ̰,  óл   E 'ť' ϸ հ 弳  κ ԵǾ  ʴٰ  Ÿϴ",
", ռ  ٿ   īī ü äù濡 H  ̳  ϰ,   弳 ߴ  ȴ",
" ̿  ǰ    E N,     ģ鿡 Ͽ E  ѼϿٴ  'л  ' ġ Ͽ( '  ó'̶ Ѵ)",
 E G     Ǵ 5 'E    ϰ ̸ ӴϿ Ѵ,
 Ͽ E  ѼϿٴ Ѽ  Ƿ  Ͽ,
"ռ  ǿ  ü  Ͽ Ǵ   ռ   뿡 ߾ ,  'E N Ѵ",
", 'E    ϰ ̷  ӴϿ Ѵ",
" ٸ л鿡 Ͽ E  ѼϿ, ̷ Ͽ E Ż ظ ߱ϿǷ,   б¿ ϴ б¿ شϴ   Ÿϴ",
" ٸ л鿡 Ͽ E  Ѽ  ǰ,  ߾   ü E  ġ  ϴ  E Ż ظ ߱ϱ⿡  ,  ַ л鿡   ̾߱⸦ Ͽ ,  E 迡 ִ ¿ E     ߾ Ͽ   ϸ,     б¿  б¿ شϴ  ˳ ȴ",
"  'G'̶ ̸   ۿ Ͽ, ٸ л Բ  ð  ݺ? л Ͽ   Ƹ ȫ   'G' ϵ ϰų   ۿ   Ͽ 'G' ø Ͽ, л   ȭ     ȭ  ǥ ̸Ƽ ԽϿ",
"   ۿ  ٸ л鵵 ̿ Ͽ   'G' ϰų,   Ƹ ȫ    ԽϿ",
" ׷  л 'G ְ' Ͽ   ȭ  ൿ  ,   Ƹ  ȫϰ ִ ȿ â ' ̸(G) ̸ΰ?'  ⵵ Ͽ л Ͽ    ȭ  ൿ   䱸ϰ, л ̿   Ҹ ǥϴ ̸Ƽ ¹,  ̷ ൿ    ⸦   ƴٰ  ư,  л Ͽ   ۿ ظ ޾   ԰ ϱ⿡ ϴٰ δ",
" ̷  Ͽ   ġȸ  л 弳  (  1) Ͽ б    ġ ǰ  ̴¹,  Ǵܿ ߸ ִٰ   ",
"   ȸ   ڸ   б  ߻ ,  Ӿ    л鿡  ൿ ߴ , 'ȿ  ¿ Ѹ, Ǯ߼, ,  ̴  ֳ?'   ǹ̰   Ͽ  Ͽ,   θ        ",
"  л б Ȯμ л ڱ⺯м  D 簡 ۼ л   б ⱸȸǷϿ ϸ,  G, H E I Խñۿ л ϰ ϴ    л鿡 I 1:1 ޽ Ӿ 弳     б  ŰǾ",
"   ۺε   ȸ  ȳ  ȰԿ ' E I Խõ   (弳 ) ޾     Ͽ' ι, I Խñۿ    I 1:1 ޽     Ͽ    Ͻÿ I Ͼ Ϸ  б  ȸǸ Ѵٴ   صȴ",
   īī ¸޽ ֵ   ̾  ൵  Ѵٰ ! ׳̶   ,
"   ƽ ޽ ¸޽   ׾  ׾  ԽϿ(   4 ϰ,   Ʋ     Ѵ)",
" G  ȸ( '  ȸ' Ѵ) Ͽ '  14:00 л ߷   б (2019-7) ( '  ü'̶ Ѵ), , ܰ, ̷,  հ   ( '  '̶ Ѵ),   ü ' ġ  Ͽ  Ͽ б¿  å  ( 'б¿'̶ Ѵ) 17 1 8ȣ,  3׿  , Ư̼ 5ð ó   ǰϿ",
  A F ' O ״ ʴ  ϶' Ѽ Fκ θ °ų   𸥴ٴ  Ű  ϰ Ǿ,
" D  7 '', 'ź', 'ٸ ' ϰų  ¸޽   Ͽ  Ϻ  ұ    ְ, ̷ Ͽ D  7  ظ Ծٰ  ƴ",
",    ""  D  7   "" , ' ⿡ D, H   ν   Ѽ ϰų D H    б ϴ   Ǵ Ͽ' κп Ͽ ɴ",
"   Խñۿ   ""Ѵ ϰɸ""̶ ǥ ¥  Ȳ ǥϱ Ͽ ûҳ ϴ  Ǵ ͳ  δ",
"  ׷ G ȣڴ   A  G θ  ϰų  ϴ   Ͽٴ   A б ŰϿ, ̿  б    б  ϱ  ⱸ Ͽ",
"   19:46 F Ͽ   л Բ ִ ̽ ޽ ü ȭ濡 ""޹   д ģ    ¥ ־    н  "" ޽( '  ޽' Ѵ) Ͽ",
"   ڽ л """", """", """"  弳  ߰, ""׵   ϳ?""  񲿴   , ׷   л ൿ  ڽ  ڰ  찡 Ƽ Ͽ",
"  л , ӱ簡 ۼ   ϸ    л '׶ϴ"", """"     ؿԴ  δ( ε л ޽Ľð  Ĺ ⸦  """" θ  ϰ ִ)",
" ۿ   ߾ ϰ   Ƚ,   л , л   ߾ , ̴ л 尨   ִ  ¿ شѴٰ  ̴",
  1 üð E   弳  ̴,
 ׷   л E  ָ ϰų 弳 ϴ  ָ  б Ͽ,
"   л ""㸮 ִ  "" ϰ, ̼ ش޶ л  "" ̼ ϰ ִ ̰,     Ӹ  ٴڿ "" Ͽ, 7ð   бȸǸ ϸ鼭   л   ""װ ̸    ģ   ġ   ٰŰ, װ  ƴϸ   鼭 Ұ""  ϴ  κ  ޾Ҵ'  Ȯμ ۼϿ Ͽ",
" ̸ ޹ħϴ Ŵ л  ѵ, ̿ Ͽ  'л H ο , H ģ   Ͽ",
" л л  濡  л θ  ϰ ΰ Ͽ,  л ߿  A ԵǾ ִ١  Ե Ȯμ ۼϿ Ͽ,    鿡   ؼ,  A л Ƽ  ʰ Ծ, л  Ϸ  ſ ߴ  Ѵ",
  A 翡  ð Ư л Ӵϸ ϴ  Ͽ١  Ͽ,
" E ǰ ', K, L, M ڽſ ̳  Ͽ",
"  Ű Ͽ ۼ б Ű 忡 ϸ, 'Ű' ̰, 'Ű' 'E 1г 1б  , K, L, M, Nκ  '̶ Ǿ ִ",
"  缭 ϸ,   ' E  ģ   ڸ   , ̹ Ʋ ִ , 弳 ־",
" Lб б´åġȸ( '  ġȸ' Ѵ)     ð  ൿ, ׸ Ͽ л ܸ ൿ Ͽ ׿    'б' شѴٸ鼭, 鿡 Ͽ   б¿  å  (  16441ȣ Ǳ  ,  ' б¿'̶ Ѵ) 17 1 1ȣ ġ ǰϿ",
" ǰ ռ  ŵ    8ȣ,  0   ü  Ͽ   ִ     鿡 ߾,    ð  ൿ, ׸ Ͽ л ܸ ൿ Ͽ, ̴ б¿ 2 1ȣ ϴ б¿ شѴٰ  ϴ",
"  л   ߴ  ൿ  ƴ޶ ŹϿ  ٸ л ̾߱⸦ Ͽ, лԵ  ɷ ٴ  ̾߱⸦ ߴٰ ",
 ̽ ޽  ϰ ϰ  ,
  3 ڰ  ȭ ´ٰ ֿϱ⸦ ݺϸ  ϰ ش  ϰڴٰ ,
 ʸ ̰ 濡  ʹٴ   ʸ  а ʹٴ  ,
" ڽ ģ   ɷ, ġ, Ƴ   Լ  ڽ ֺ ģ, F ڽ ָ鼭    ",
" ޽δ      ´µ,  ޽   ؼ  ϰ, ڽ ȭ  ̾ٴ  ϰ ߴ",
"  л ְ ޽ ȭ    л ""¥ ɷ "", ""ұ "", "" ¯  ڰ   ̰   ״ϱ""  ޽ ų  ϰ,      ൿ Ͽ, л    ź ǻǥø Կ    䱸ϱ⵵ Ͽ   ְ,    κп  ü ǰ踦 ϰ ִ",
" б Ӽ :  л     ٰ̾  ڷ ,  4ȣ,  6ȣ     ü  ϸ    Ϸ  л 弳   Ͽ Դ  ̰, ư   ߻ ⸦ ϸ  л   谡 żϰ ȸ      б ӿ Ѵ",
" л    5 л б ڷ ŰϿ, Ư ߺαû б´åȸ( ȸ)  ȸ ȸǿ , л  F Ƹ(   Ƹ)  Ʃ긦 ؼ Ի  ȫȰ ϴ   ٸ л Բ   ,  ƴ  ϰ Ⱦ䡯   л Ʃ Ƹ ȫȰ ϰ Ƹ л  Ѽս״",
"   F  ģ G  ϰ ϴ   ־  Ȯ ϴ    ڸ޼ F 弳   ̸, , E    """" ȱ  ̸   E ""  "" ݹ Ϳ Ұϴ",
   ٸ  л H ȭǿ  ȣ弳   ϴ  ߻Ͽ,
" "" ȭ (ð ~), л E ܻ ִ  "" E ö󰬴µ"", ""E 츮  ġ"" ȭ (ð ~)  Ǿ ִ",
" л ̽ ޽, ڸ޽  Ÿ   ӽ     Ҿ ϸ鼭 ټ ϱ   , л ټ 弳    ̴",
"  A л Ȱ 翡 б ػ ŰϷ ϴ  ΰ ƳɰŸ⵵ Ͽ, ռ  ٿ  л ⸦   ʿ   ȸǿ ⼮Ͽ    Ͽ",
"  A  Ȱȹ 繫ǿ '2016   г J, K, H, L κ  , Ѽ  ,   б  Դ'  Ȱ( 2ȣ,  '  ' Ѵ) ۼϿ Ͽ",
"   F ɽð ڰ ִ  л Ҹ   ϰ ٸ л  ų  л  ¦ Ǿٰ ϸ鼭 ¥ ų  л   "" "" ϰų "" ̻  , Iϰ  ٿ ڻѴ"" ϴ   Ⱓ ֵ  Ͽ",
"   б 2г⿡  ̴      л K, L, M( 'K '̶ Ѵ)κ б¿  å    Ѽ,   б Ͽ Ȳ  ȯ ΰ Ǿ",
" ׷ ռ  ŵ鿡  4ȣ       ü  Ͽ Ǵ   ,   л  л ˸ Կϴ Ϳ  ź ʾҴٰ ϴ ̸ üȭ濡 Խϴ ͱ Ͽ   ʴ ,  л ˸ üȭ濡 Խϴ  л  ġ    ִ ̰, ư    ع߻ ɼ  Ǵ ,   л ø ׸ ȭ  л л 踦   ̸ Կ  Ǿ  ɸ âడ ȴٴ ,  븸ε л ġ ֱ  ,  Դٰ  ȭ ׸    ġ ,  ǥ  ſ  (""л C ְ 'Z' ȴ"" ),  ó  л   ġ   ִ ൿ ؿ  л ģκ  ޾ ٽ л ± ̽ Խù   Խ ,   л ģ 迡 峭 ġ ǻ翴ٰ ϴ,  л    ൿ  峭  ӹٰ   ,   л       ǥ ʾҴٰ ϴ,  ൿ  л ƹ  ظ  ʾ ̶    ,  л   ൿ    ʾҴٴ  Ͽ, ̴  ģа踦 ϱ  ̷  ɼ ſ     л  л  ൿ  ذ ٰ     ߾ ,   óл Ե  ൿ   л  ظ    μ,   ǹ   ߾    ʿϴٰ  Ÿϴ",
" ⵵ ñû б´åȸ(   ȸ Ѵ)  ȸǸ Ͽ  E ̽ ȭ濡 1  л鿡  , 弳,  ߾ Ͽ١(    Ѵ)   б¿  å  (  17954ȣ Ÿ Ǳ  ,   б¿̶ Ѵ) 17   (17 1 1ȣ), л  Űл  ˡ  (17 1 2ȣ), ⼮ 5(17 1 6ȣ), л Ư̼ 8ð(17 3), ȣ Ư̼ 5ð(17 9) ġ ǰϿ",
"    ķ D  м   ޾  Ʈ ޾ , ڽ   д뿡  Ͽ δ Ͽ",
"  E ̽ ޽ ȭϸ鼭 л ϰų  ϡϴ ߾ Ͽµ,  ߾ ü ȭ  ƶ    E   峭ġ   ǥ ݵ  ģ  ƴ϶ л ϰų  μ   ̷  δ",
"      ܼ    Ѿ л     ְ ̸  ԿϿ, л Ͽ     䱸ϰ  ԿϿ, Կ Ŀ л     ȭ    ϰڴٸ  ϱ Ͽ",
"2ȣ 1  3, 1ȣ, 3ȣ, 4ȣ  翡  ü  ¾   ִ Ʒ   ϸ,    ְ, ̴   б ܿ л  ߻   ڿ Ͽ ü?Ż ظ ϴ μ б¿ شѴ",
" л   ϴٰ  ڰ 뺸Ͽµ, ̼ ݴ θ   ˸ڴٴ ڿ Ͽ ġ ʴ  ϰ Ǿ, ׶  л źο ұϰ  ҿ  ų  ߾ Ͽ",
"ī)     8 ڵ庼 οκ л ҿ 鿡 弳  Ͽ ⸦   ִ١  Ȯμ ޾Ұ,  ٽ  9 ڵ庼 οκ  л  Ĺ    μ ҿ ּ ߴ١  ź л ÷ ϰ ʹٴ  ϰ ٸ   öŸ 㸮   ൿ Ͽ١   ޾Ҵ",
" ׷    6     A л Ӹ ġ,  ,  ڸ ڸ ڷ о л  ϰ, л  Ӹ     Ͽ,  D  ̼ л Ӹ , ̳ 踦  ġų  ϴ  (   Ͽ '  ' Ѵ) Ͽ",
" ׷  л  л  ļ    Ǿ,  л Ӹ ָ԰ å ȸ  ÷     л Ӹ ° μٰ  ,    б   л  л  ϴ    弳 ϸ鼭 Ҹ , л  ü    ݸ  ָ л   å, ÷,  л  ٰ  ,     ٸ л  ڱ л  弳 ϸ鼭 Ҹ  Ͽ, å л Ӹ 3~4ȸ , ֺ ִ ÷,   л  ٰ    ߾  , л  α׷   ڰ ȸ ϰ   ϴ   弳 ϰų     ȴٰ ϴ, л   ϴ    б ߻Ͽٰų л   б   ϴٰ  ƴ",
"  D  A Բ л  Ѹ, л å ٸ  ǿ  ξ,  D, G, J  A Բ ٸ л   л 弳 ϴ , л ɸ  Ͽ",
"   б 2г 5ݿ   F  ǰ E ٸ лκ ü,   ϰ ִٴ  б Ű ϸ鼭,  л G, H, I  ƯϿ",
" ǰǴ, ռ  ŵ鿡  ü  Ͽ Ǵ    ,  ռ  ٿ      Ͽ  Ͻ, ,  Ȳ   ü ϰ ְ,  ֿ κ ϰǰ ڿ ,   D 踦 ǿ   Կ ߰  å ̷ Ȳ ȭ ᱹ      Ͽٴ   Ͽٰ ϳ,  ȸ D  ֹ ޶ ϱ, å ޶ ϱ,  ϰų  ġ   Ͽٰ  ,  H, I   D û Ͽ ̷ٴ  ϴ D     ٸ ŷ      Ͽٴ  ϱ  ,      ó  D   ° ȿ D ٸ Ҵ١  Ű  ̷       D    ٴ  ϳ,  Ű    κ 7 ̻   ̷,       ִ  ƴϹǷ ̸ ޾Ƶ̱ ư,  ۿ D     Ͽ   Ű  Ư ⳪  ãƺ  ,  D Ű õ ǿ  Ҽġ ־ٴ ̳( 16ȣ 18ȣ  翡  ü  ϸ, D Ű õ ǿ   Ҽġ   ǳ,   ǿ Ͽ ûû ˻簡 ҳ⺸ȣ ġó   δ)  D θ ̿ ǿ  ǰ ־ ǰ     ̱  Ǽ ʾȿ   (һ ټ Ǿ  ϰ ) ־ٴ δ D  ź źٵǾٰ      , D  ź ִٰ  Ÿϴ",
" ü   ߱    ϰų ð  Ű     ٰ   ,   쿡 ܼ 弳 ġ ʰ л θ ϰų ϴ    ſ ϴ",
" ǰ    ġȸ û  '    ̿   ķ     б D , ,  ݰ յ   , ǰ   б Ͽ'   10ð Ư̼  5ð ȣ Ư̼ ġ Ͽ(   ġ  10ð Ư̼ ġ '  1ó', 5ð ȣ Ư̼ ġ '  2ó'  Ī Ѵ)",
" ռ    ,     ߾  D '  ', '  ', ' ݰ    ', 'ǰ  ' ü νϿ, ̸  ǻ翡  Ͽ",
" ׷  D    ϰ,  Ѵٴ ̸ Ʒ 20~30   ݰ   ְ ϴ  ְ, Ǹ Ѵٴ  ݿ Ͽ",
" D  E  '  ķ κ , , ǰ ,   Ͽ'  Ű Ͽ( '  Ű' Ѵ)",
" D    ķ ְ  '  ķ κ , , ǰ ,   Ͽ'  Ű Ͽ",
"ռ     4  6ȣ  翡  ü  Ͽ   ִ    ϸ,    ķ D , , , ǰ   ν  б¿ 2 1ȣ  'б'   ̴",
  P 츮  Ѿư,
"  б ӱ  б´åġȸ( 'ġȸ' Ѵ) "" ʺ л(, E, F, G, H,  Ʋ 'л'̶ Ѵ)   л I( 'л'̶ Ѵ) ϰ, ϰ, 弳 ϴ   ""  б ߻  ŰϿ, ̿ ġȸ ġȸ Ͽ",
" л ʸ ٹȭ л, ʵб 6г  'յ' ҹ ô޸  ޾Ұ, Dб   1г  ߿  ʵб ٳ Hκ  ޾Ҵ",
"   ߾ ǰǴ,      ŵ鿡  ü  Ͽ   ִ     鿡 ߾ , л , ݺϿ л  ϰų ϴ  л  ־,     Ͽ л ų ϰ     ִ¹,  ̷    ó  'б' شѴٰ  ϴ",
" ǰ б´åġȸ(, 'ġȸ' Ѵ) Ǹ   鿡 Ͽ "" 2017г⵵, 2018г⵵ 3 ʺ 4 ߼ Mб  л N(, 'л'̶ Ѵ)    Ͽ""  б¿  å  (, 'б¿'̶ Ѵ) 17    ó Ͽ(,  A  б  15ð ó   ó Ʋ '   ó'̶ Ѵ)",
"ռ   ǰ    ó ϸ鼭  "" 2017г⵵, 2018г⵵ 3 ʺ 4 ߼ Mб  л    Ͽ""  Ͽ ,  ü   Ͽ  ƴϿ",
 Fб ޻ G °  Ͽ  ޴ٰ  Ʈ ߵ ؽ  Ͽ ϱ  ڻ Ǵ  Ͽ,
" , л    Ȳ  лκ Ȳ  ۼ޴    Ͽµ,   ""  л 踦 ǿٰ ɷȴٴ  л ȴٴ ,  л ' ' ϶ Ͽ, κ 1m ̻  ´´ٰ Ͽ,  л    Ͽµ, л   л ȴٴ , л    ü ԰ Դٴ   л ȴٴ ,  ޽ıǿ л Ļ縦 Ѱ, л ޽   Ͽٴ ,  л  λ縦 ״ٴ ,   л ȴٴ '  ˰ Ǿ",
" E, F, K    б л 5  ' L  M л  <1>,  K   л鿡  ġ   ִ  弳 Ͽ'  б Ű Ͽ( '  Ű' Ѵ)",
 ׷ ٸ л л   ߾  ޽Ľ տ ڽ ī带 л  ܾ ϴ ô ϸ鼭 л 50  Ǿ   ޶󡯴  Ͽ,
"  F  ,      E  '  ϱ ' Ͽ, Ϻη E ٰ  εġ ǵ ġ , īī ü ̾߱ 濡 E Īϸ鼭 '  㲨' ޽ ÷ȴٴ   ϴ   Ͽٰ Ͽ",
"  ټ ģ ԵǾ ִ īī üäù濡 ' E ' Ͽµ, ̶ '' , ޽   󿡼    ο  ̾  Ÿ μ,    E  ο ϰ ʹٴ  ߾    ܺη ĵ  ְ,   лμ ̸ ɸ  ν ɼ ִ",
" G  15:31 īī ȭ濡 ۡۡۿ  ̸ ϸ    ϰ ô ϴµ,  ϰ,  ,  ʿ ӡ,  չ  , ӡ, ۳⿡  ϴ¾ Ѹ ̶ ޽ °,    15:36 īī ȭ濡 ⿡  ̸ ϸ  ġ, ""ͳݻ ôϰ ϰ, ġ ª ԰,  𸣰 ,  ೯ ,  ǳϰ, ""յ ٸ, ൵ ̼ ϴ°, μ ۷Ծ, D ӡ̶ ޽ ,   21:07 ࿡ īī ȭ  ڷ  ̸ ϸ ׳ 5г⶧ 츮 ھֵ ƾƮ û ߶, 5г  D 츮 ھֵ ƾƮ ƾ",
"    ϴ ̿ л, л  弳  л θ ⸦ Īϴ ܼ̰  弳 ϴ  Ϲ ú ɾ,   л ׷ äù濡 ʴ  л ü ڴ  ޽  б 1г  θڴٴ  ޽  л ϰ  ־, л 󱼿        ϰ  л ָ԰ ߷ Ϲ ϿǷ,    񳭰ɼ ſ ũ",
" ̷ 鿡 ߾ ,      л ü?ɸ??ȸ  Ͽٰ   ִ",
" ó   ̳ ൿ   ̳,   E  弳̳    Ͽ, δ E  ߰ų E  ϱ⵵ Ͽ",
" ģ  ù  ; ģ, λ ׷   ù,  ׸ 帳    ģ ,  ´ġ  ִ",
E  9ð Ƿ  ӱ翡 ߰ ϰ ʹٰ    ӿ    ־ 鼭 'ΰ ⸧' ǥߴ,
"  л ο ϴ  ڽ г븦  Ͽ л Ҹ 鼭  弳 Ͽ, ָ԰ å л Ӹ  , л  ÷,     л Ӹ ° μ Ͽ",
 Fб ⱸ 縦   ǰ '  ϼ  ϼ D ° ü Ͽ' ȿ Ͽ б´åȸ  ûϿ,
"  ۼ Ȯμ( 8ȣ 1) 翡  л Fб   (  16ȣ, ȣ ), D  ܼ( 6ȣ  縦 Ͽ ,    óл     ˳   ְ,   ݺ ߾   D ü ظ ϴ ̳    б¿ شѴٰ  Ÿϴ",
" D ģ ̱ ϳ ģ ̶   D ϴ ൿ ܼ 峭 򰡵  ,  , , Ⱓ, л    Ͽ  б¿  б¿ شϴ θ ǴϿ ϴ¹, ռ  ŵ,  11ȣ  ü  Ͽ Ǵ    , ռ  ٿ          ȸ ߻  ƴ϶  G Բ ︮   ߼  3  ߻ ,  G Բ D ݺ  ɺθ Ű 弳   Ͽ ̷ Ͽ D ü    ̴ , D   鿡 Ͽ  źǻ縦  ,      D ̸ ź  弳 ϱ⵵     ,  D    ܼ ģ  峭  ư  б¿ 2 1׿ ϰ ִ ࡯   ɺθ  شѴٰ  Ÿϴ",
" ûֱû б´åȸ( ȸ Ѵ)   л  б  Ͽ ȸǸ Ͽ, ǰ  ȸ ǰῡ    Ͽ  л   ü   ü?Ż ظ Ͽ١  б¿  å  ( ̶ Ѵ) 17 1 ,    ٰϿ , ?? , , Ư̼ 5(30ð)  ȣ Ư̼ 5ð л ġó ȴ(Ͽ  ó   óС̶ Ѵ)",
"ռ  ǰ迡 ϸ,    л  ź ִٰ ̹Ƿ,  л      ü    Ͽ ϱ⿡ ϴ",
" E  ޽Ľð ġ⸦ Ͽ  A   ڷ  A , , óġ, ġ, ߡ, ģ⡯  弳  ,   A ޸ ȸ  , չٴ  A    A    ,   A, F ̾߱ϴ  ٸ鼭  A   A ûŸٰ Ѿ ٸ ġ      A   ־١   ǰκ  ó ޾Ҵ",
" ׷ л ħ װ ٰ 쿬  ȭ    Ͽ,  л  ϸ ٰ  ( ̷   2  Ѵ)",
" Dб б´åġȸ( '  ġȸ' Ѵ)  ' л  ߼     , 2ȸ ~ 3ȸ ٳѱ , ٴڿ   öŸ ,  ٸ ħ , ٸ ⸦ ,    Ǹ  ŻϿ  ̴  Ͽ'  ȸ( '  ȸ' Ѵ) Ͽ     ġ    ǰ   ġ    ûϱ ǰϿ",
   ϱ濡 л ȭ ɾ    տ ͼ  ݾ,
 ǰ  б ǿ  Ȯ縦 ǽϿ  ڽ  Ͽ ' л ̸ ģ   л ΰ Ͽ,
"  ǿ ϸ, ǰ ۡ, ̡ۡ  ۡ ź ǻ縦 ǥϿ ұϰ   ݺ  ۡ ϰų     ǰ, ׷ Ͽ  ۡ ռ  ٿ  ɸ ޱ Ͽ¹,   ǰ л   ۡۿ    ҹ  ϴ",
" ׷  Ȱο  ͼ ģ ִ  ĥǿ D H  ̸  赵 ׸ ׷ȴ١  , ӱ  ӱ簡   θ𿡰  Ȱο ٳ  ĥǿ ԰ D Ͽ 赵 ׸鼭   ģ Ȱο  ̶ Ͽ D   ó ־١   Ǿ ִ ,  ģ   ġȸ ⼮Ͽ D A 赵 ׷ȴٰ ڱ⸦ յ ״ٰ ϴµ",
"̿ Ͽ ǰ,  ڽ νŸ׷   Խñ ۼϴ  G Ͽ  ϰų  Ǵ  Ͽ ̷ν б¿ شϴ  Ͽٰ Ѵ",
"   ǰǴ,  б 3г л   ִ ̶ ϱ     ޽ ģ鿡   °, ׷ ޽  л ſ ū  ظ Ծ¹,  õ      б¿ شѴ",
" ⵵ ﱳû б´åȸ(   ȸ Ѵ)  ȸǸ Ͽ  īī üȭ濡  г C(,  л̶ Ѵ)   ְ, ƽ ޽  ޽  ظ ־ ,  б¿  å  (  17954ȣ ŸǱ  ,   б¿̶ Ѵ) 17   (17 1 1ȣ), л  Ű?л  ?   (17 1 2ȣ), г   ɸġ 10ð(17 1 5ȣ), л Ư̼ 4ð(17 3), ȣ Ư̼ 4ð(17 9) ġ ǰϿ",
" ׷ F "" ϳ̳"", ""ϳ"", "" ƾ?,  ƾ?"" ߰,  ""ƴϾ"" ߴ ƳɰŸ鼭   䳻  ָ      ȴ, ̰ 峭 ƴϴ, б ٴϱⰡ   ʹ  '  Ͽ",
"(ü  )   G  ġ ų   ʴ л  ¶λ ±׸ ޾Ƽ Ȱ, HԵ  ɾ Ѿ Ͽ,   ġ⵵ ",
"     E  ̰ ־ Ǿ, 3г Ǹ鼭 ٸ ݿ Ǿµ, E ̿ 弳 ϰų, Ϻη εġ   Ͽ ߻Ͽ,  б ܿ E   Ŵ ٶ Ѿ ϰ , Ӽ԰ θ𿡰 ̾߱ Ͽ, ̸  E F б ŰϿ",
" J  16:50   б 1г 8  E  Ȳ ȭ ȭ ϸ鼭 ָ԰ ߷ Ƽ ļϰ,    6 ٸ л鿡 'E  鼭  ϰ ̷  ӴϿ Ѵ",
" 7  12ȣ  翡  ü  Ͽ Ǵ    Ǵ  ,    θ бȮμ  H  ҷ Ŭ Ͽ   弳  ٰ ϸ鼭  弳  Ͻ, ҿ Ͽ ü  ʰ, ٸ  ־ ο Ͽ ٽ ü ϰ ִ ,  л Ű H    ǰ ٸٰ ϰ Ͽ,   ̿ܿ Ű뿡 ϴ  ڷ  ,   ظ Ű  ߻Ϸκ 1 Ͽ     ڷ    ̴ ,  Ư  D ģ  ־  H  ο Ͽ  ȸεǱ⵵ Ͽ,  θ H  θ ̿ λҼ Ǵ   ̿  븳 Ȳ   ġȸ     Ҹ ϱ ƴٰ Ǵ   ϸ,   ġȸ  Ű뿡 Ͽ ġ     Ÿϴٰ Ǵܵȴ",
"        л 4 ۼ Ȯμ Ͽµ, ̴ ַ D   ų 弳 Ǵ е帳 Ͽ   öŸ ڽ ⸦ ⵵ Ͽٴ ̰,    л D   ⸦   20ȸ  Ͽٴ  ۼϿ",
 D   ų    ϴ  Ͽ D  ġ   Ͽ ̴,
" Eб б´åġȸ( ġȸ Ѵ)  15:⵵ 4ȸ ġȸ ȸǸ Ͽ  A л л ̳    Ͽ  ־, Ƽ Ѿ Ծ,   ǰ Ѿ  ʰ ų  δ  Ͽ",
 E  F   15:00 Dб 1г 9 ǿ  E     Ƽ  Ͽ,
"  ڽŰ л ۵ Ǿ ִ  âϰ  ڱ Ϲ ޽ л鿡 Խñ   䱸Ͽµ,   л 1:1 ޽ ȭ ϸ鼭  л ̿ ְ޴   Ѿ 弳  ϴ  л ϰ л ǻ翡 Ͽ Ư (Խñ  ) ϵ ϴ  Ͽ",
"   G, L, F, M  ð ٸ л   ִ Ȳ I 弳 Ͽ, I ٸ  , N, O, H I  ãƿ 8 ռϿ źϸ  ʰڴٴ   ̸鼭 I ߱ϸ ϶ ٱġ Ͽ, ׷ Ͽ I   ޾Ҵ",
" C    б л , л H Ͽ 'H  ù° ֺ °  ̿ Iʵб , , ǽ,    ݺ "", յ, , ""   Ͽ  ϰ Ͽ",
" Dб 2г , E, F, G, H( ' л')    ʸ ٹȭ  лμ Dб 2г⿡   I( ' л') ϰ,  л ̸ '' ܾ Ͽ 'J' , ٸ ģ    л ̸ ϰ,  л ΰ ϸ  ɾ ϰų ¥ ϴ    Ͽ(  л ߻ Ϸ  ' '̶ ϰ,  л  '  ' Ѵ)",
" J    б 1г 166 ʴǾ ִ ü īī ȭ濡 E 'I'̶ Īϰ, '  īϴ  '  Խϴ  ߻Ͽ",
"   A    Ͽµ G 08:20 ǿ   A   ¹ ٸ Ȱ, ̿  A   忡  ,  ִ F  Ѿ ȴ",
"   A     G ¹ ٰ  Ͱ F   Ѿ  ε, G   F  A    ̸  ʰ  ֱ Ͽ    G F ࿡  Ͽų ̸ ٰ߰   Ŵ ϹǷ, ӽ ӱμ    ľϿٰ ϴ G Ͽ ̸  ġ     δ",
"  A H  弳 ϸ鼭  ο ߴ  ̰,  A Ϲ     ʴ´",
"  ġΰ Ͽ,  ǿ Į  ò ϴ  л    ش޶ Ͽµ,  лκ    ߡ 弳 Բ Ǳ Įٷ ġ ݴϿ 뽺  ݻ ָ ֵѷ  л ϰ Ǿ",
"   Ȳ  л  ""㸮 ִ  ""ų ""    Ӹ  ٴڿ "" ߾ , , Ÿ ̿  б  شϸ,  ε ̷ ߾   ϰ ִ",
" Dб б´åġȸ( '  ġȸ' Ѵ)   л Ͽ ' ,  , ٸ л л õ    ȴ'  ȸǸ Ͽ,  Ͽ б¿  å  ( 'б '̶ Ѵ) 17 1 8ȣ   ġ ǰϿ",
 H( л̶ Ѵ) 뱸  ִ Iб(   б Ѵ) 1г 3ݿ  ̴    ޻ κ 6  °   Ͽ١  鿡  б Ű Ͽ,
"   ۼϿ  Ȯμ ' 7 üð  10  л  ִ ڸ  л  ҷ°, ȭ  , (߷) (лκ     "" ƴϾ, ¥ ƴϾ, ƴ϶!"" Ҹ   л) ""     Ӹä  ȾƵΰ ߰"", (  ︮) "" ö󰡼  ֵ   ״, ճ""  Ͽ,      ̵   (  ) ""     ˾Ƽ б ȴٴ Ŵϱ      "" Ͽ, л   ޾Ұ, (߷) л '   Ǿ ִ",
"  л  I  9   ڷ ""E ,  θ鼭 ų     ִ""  Ȯμ ۼϿ",
"   E I ԽõǾ ִ   '   ¿ Ѹ'̶  Ͽ  10 'ƿ' ư , F E I Խ ۿ G, H, K, L( 'л'̶ Ѵ) Բ Ʒ    ޾Ҵ",
" ǰ      ó  ' E I Խñۿ ϰ ϴ   ' ' Ӿ 弳  '   ó  Ǿ ִµ, ռ   ϸ   ' Ӿ 弳  ' I 1:1 ޽ ȭ    ־ٰ δ",
"   ȸ ַ  ǥ 'ȿ  ¿ Ѹ, Ǯ߼, ,  ̴  ֳ?'̰, ̴   ƴ϶ ٸ л   ̴",
" ׷  ֵ л鿡 'ƿ'  䱸  л      Ⱑ Ǿ,  ǥ   ó    ƴϸ,  л ϰ ϴ ټ   Ӹ ƴ϶ л 1:1 ޽ ȭ   ̰  ǥ ټ Ͽ л     δ",
" ǰ  ǹ̸ ' ⿡ D, H   ν   Ѽ ϰų D H    б ϴ   Ǵ Ͽ, L Բ ̽Ͽ J Ͽ , ź, 帧̶ Ͽ D  б ȭǿ  µ  ٸ ٰ ϰų   Ͽ' Ѵ",
"  ǿ ϸ,   л     , ٸ л Բ ׿   ް, ̼ǡ(Ŀ)  л Ͽ   ϰ Ͽ л   ϴ  Ͽٴ  ȴ",
"   б б´åġȸ  ""   л E 7 ̰  Ͽ , ܿ  ϰ ģ Բ Ȱ, F â   尨 ִ  ÷ȴ""   E  л л ϰ ǰ  E Ͽ  б¿  å  ( 'б¿'̶ Ѵ) 17 1 1ȣ<2> 'л  ' ġ  16 1 1ȣ<3> 'г   ɸ  ' ġ   ûϿ",
"    Բ    ൿ Ͽ, л   ʿ  ܸϸ ϰ 弳 Ͽ, ׿   ൿ   Ư   ,   л   ߾ ,    ൿ л 尨    ൿ̶  ϴ",
"   б б´åġȸ( '  ȸ' Ѵ)  ȸ( '  ȸ' Ѵ) Ͽ ""  '2018-12  '    ߹ݺ 11 1г 5   ܿ  E Ͽ , ü  б "" ġ( '  ġ'̶ Ѵ) Ͽ  'б¿  å  '(  16441ȣ Ǳ  ,  ''̶ Ѵ) 17 1 8ȣ  ,   3׿  лƯ̼ 5, лȣƯ̼ 5ð ġ( '  ġ' Ѵ)   ǰϰ, ǰ  ġ   ûϿ",
  E ڿ  ϸ鼭    ִ,
"   ȭǷ   ڿ ' ο򱸰 Ϸ  ̴'  Ͽµ,  E ҿ ڿ  ϰų ڸ   ڸ    ˰ ־Ƿ, ̷  Բ ϸ   'ο ' E   ֹ̰   ǹϴ ٰ̾  ƴ",
" ûֱû б´åȸ( 'ȸ' Ѵ)   D Ͽ ȸǸ Ͽ, ǰ  ȸ ǰῡ   D Ͽ '   ü Ͽ Ż󡤽ü ظ Ͽ'  б¿  å  ( 'б '̶ Ѵ) 17 1    ٰϿ л  ,  2(4ð), Ư̼ 1(3ð), ȣ Ư̼ 3ð л ġó ϰ,  Ͽ 'D   ü,  Ͽ Ż󡤽ü ظ Ͽ'    1    ٰϿ л  , ȸ 2(12ð), Ư̼ 2(6ð), ȣ Ư̼ 5ð л ġó(Ͽ    ȸ, Ư̼, ȣ Ư̼ ó Ͽ '  ó'̶ Ѵ) Ͽ",
"  ִ  ޶ ϰ,  ָ ޴ȭ Ͽ  Ź ְ Ǿ""  Ͽ",
 ƴϸ   ߴ´١ ̾߱Ͽ  ȭ  л Ӵϰ  б Űϱ⿡ ̸,
"  ȸǿ  A Q ۼ   Ǿ,     ǰ Ͽ   ġȸ      ϴ ȸ   ⼮ ġ ǰ  A   Q SNS  ޽ ̿Ͽ ո      䱸 ,   ڽ ̽ ʿ suicide(ڻ)' ܾ 'You're cutting down(ʰ  ߶󳻰 ־)'̶  ̽ ޽  ߴ",
" б¿  å  ( 'б '̶ Ѵ)    б ġ б´åġȸ( '  ' Ѵ)    ɽð 忡 E  ' ÷ ̾'  , 2 л  ¯    ʷƼ  Ʒ   E  ô ϰ, 'ó̴ϱ , ִ Ŵ'   Ͽٴ ǰ谡  ,  б лμ 'л  ,    ', 'б  3ð', 'Ư̼ 2ð  ' ȣڿ  Ư̼ 2ð'  ΰϱ ġ ǰϿ( 2ȣ )",
   ϱ濡 л ȭ ɾ    տ ͼ  ݾ,
 ó ,ش
  E( 'л'̶ Ѵ) 2018г⵵ Dб( '  б' Ѵ) 3г 4ݿ  ̴ л̴,ش
   б б´åġȸ( '  ȸ' Ѵ)  Ʒ  ȿ Ͽ 2018⵵ 9ȸ б´åġȸ ȸ( '  ȸ' Ѵ) Ͽ,ش
<̹1>,ش
"   ȸ  ȿ Ͽ  б¿  å  ( 'б¿'̶ Ѵ) 17 1 1ȣ, 2ȣ, 4ȣ  'л  , л  Ű л  ,    , ȸ 12ð'    3, 9׿  'л  ȣ Ư ̼  4ð' ġ   ǰϿ",ش
 ǰ   ǰ  Ʒ  óл( '  óл' Ѵ) ġ Ͽ   ,ش
   ġ( '  ó'̶ Ѵ) Ͽ,ش
<̹2>,ش
"[ٰ]   ,    ,  ü ",ش
   ó  ,ش
   ,ش
"      ó ڰ ְ,  ڰ ߴ, Ͽ   ó ȿ̰ų,  Ͽ ҵǾ Ѵٰ Ѵ",ش
   ,ش
   ȸ    ,ش
  ȸ кθüȸǿ   ƴ кθ л  л  ϰ   ǰ   ȸ  ⱸ  åӱ F  ϰ ־   ־ б¿ 13 1   ڰ ִ,ش
   ǰ ȸ ο ƴϿٴ ,ش
"  ȸ л  ġ ûϱ  б¿ 17 5׿  л  ȣڿ ǰ ȸ οϴ    ľ ϰ,     ȸ ϱ  ̸ л  ȣڿ óϷ  Ǵ  ü Ͽ ϴ  Եȴ",ش
" ׷   ȸ ̸ óл Ͽ   ó ϿǷ, б¿ 17 5    ƴٰ   ",ش
 ü  ,ش
 ǿ  óл  ,ش
" б   ִ л Ǹ ¦ ߾  л ҷ    ,    б¿ ش ʴ´",ش
 緮 Ż ,ش
"   б¿ شѴٰ ϴ,   ,  л , л  ,   ݼ ȭ   ߾   ó  ޼Ϸ ͺ  ԰    ũǷ,   ó 緮 Ż ġ̴",ش
  ,ش
  ,ش
 Ǵ,ش
   óл Ư,ش
"   ó  θ Ǵϱ ؼ 켱   óл Ư ʿ䰡 Ƿ, ̿ Ͽ 캻",ش
" ǰ ռ  ŵ鿡 Ͽ   ִ   鿡 ߾ ,   óл     б 2  л ҷ Ǹ ߾ٴ ( '  óп '̶ Ѵ)̰,   óм      óп   Ȳ  Ϳ Ұ   б μ   óл  ʴ´ٰ  Ÿϴ",ش
" л    б  Ű б   '  ð ۰  л "" 빮 ȳ""  ' '   ð  б л  Ǹ  '̾(ٸ    Ͽ л  Űǻ縦 öȸϿ)",ش
"      ȸ  ǰ߼ Ͽµ,  ǰ߼ 'л    ڽſ   Ͽ  ġ  ٴ ̰, üδ   л Ǹ ߰,  Ͻúһ л  ۸  ä  ִ   ""E,  빮 Ⱦ",ش
""" Ͽٴ '̶  ϰ,  л  , ¡ ο  ǰ ϸ鼭 л  ݹϿ",ش
   б б ⱸ   л ̿ Ͼ   л  Ͽ ǰ踦 Ͽ,ش
"   ȸ  ȳ, ȸǷ, ǰ ġ     뵵   óп  ʷ ϰ ְ,     óп     µ, ̷ Ͽ л    ̴",ش
" б¿ 17 1      19  л  ġ Ͽ 'л  б Ǽ', 'л ݼ ' 'л  ȣڿ л  ȣ  ȭ '  ġ  ϰ,     Ͽ ϵ ϰ , ΰ  'б л ġ  α '( '  ' Ѵ)    Ұ л  ġ ⺻ Ǵ ҷ Ǿ Ƿ,   ȸμ   ġ Կ ־   óп ǰ Ͽ  Ǽ, ݼ  л  ȭ  Ǵϱ Ͽ    Ȳ    µ  ɻ ʿ䰡 ־,   ȸ ̸ Ͽ 'б Ǽ(2), л ݼ (2), ȭ (2)'     ġ ǰϿ",ش
"  л   ó     Ͽµ,  忡 ' л  б ' ' л Ǹ  ' ƯϿ Ͽ",ش
   忡  Ǵ,ش
   ȸ      Ǵ,ش
 кθ  õ    Ǵ,ش
"б¿ 13 1 ""б´åġȸ( 'ġȸ' Ѵ)  1 Ͽ 5 ̻ 10   ϵ, ɷ ϴ ٿ  ü ݼ кθüȸǿ   кθǥ Ͽ Ѵ",ش
" ٸ, кθüȸǿ кθǥ ϱ   ִ 쿡 б޺ ǥ  кθǥȸǿ  кθǥ   ִ"" ϰ,    14 1 3ȣ ""ġȸ  б¿ 13 1׿   кθǥ ش б  Ӹϰų Ѵ"" ϰ ִµ, кθüȸ  ü   кθ Ͽ ϴ Ͽ Ư  ΰ  ʴ",ش
" ̷ б¿      ߾ , ġȸ кθ Կ ־ ĺ  ؾ     쿡 кθüȸ ǥ ʼ ľ Ѵٰ   ,   кθüȸ ǻ縦 ݿϿ ǥ  缺 οϸ ϴ",ش
" ǿ ־   ȸ  кθ      ڰ ִ ο Ͽ ǰǴ,  ,  8ȣ  翡  ü  ϸ, ǰ    б кθ鿡 ü  9    ȸ   5 кθ     ϸ鼭,   ĺ ϰ,  16:00 кθ ȸ  ϱ ϵ,  ǥ(ٵǥ 缱)  ϰ, ĺڰ ο   кθ  ǥ   ˸ , ǰ     б кθ鿡   ȸ кθ  ȳ ۺϸ鼭,  ڸ  ϰ ĺ        ϰ ȳ ,   б  кθȸ ȸ Ͽ,   б кθ 700  225  ȸ Ͽ,  кθ  ȸ ̸ ĺڷ  G, H, I, J, K Ͽ ǥ 缱 ϰ,   缱 Ȯ ,    б кθȸ  9 5 ""ȸ ȸ 1/10 ̻ ⼮ ⼮ȸ ݼ  ǰѴ"" ϰ ִ  ǰ,  ǿ ϸ,   б кθȸ ̸    ĺ G  Ͽ  ⿡ ϴ ǹ̷ ǥ 缱 ϰ  缱 ȮŲ ̻ ش  кθüȸǿ   ̶  Ÿϴ",ش
   κ   ,ش
 б ⱸ  åӱ簡   ȸ    ִ ο  Ǵ,ش
"б ⱸ    Ͽ б¿ 14 3 ""б  , 㱳, Ǳ  åӱ(б¹ ϴ 縦 Ѵ)  б¹ ϴ ⱸ( 'ⱸ' Ѵ) ϸ, б ¸   ü  ⱸ Ǵ Ҽ  Ͽ     θ Ȯϵ Ѵ"" ϰ,    16 ""б¿ 143׿  ⱸ     ο Ͽ Ȯ  б   ġȸ(ġȸ û ִ 츸 Ѵ) Ͽ Ѵ"" ϰ ִ",ش
" , ġȸ    Ͽ б¿ 12 1 ""б   å õ  ϱ Ͽ б б´åġȸ( ""ġȸ"" Ѵ) д",ش
" ٸ, ġȸ  ־ ɷ ϴ  ִ 쿡     ̻ б  ġȸ   ִ"" ϰ,   2 ""ġȸ б   å  Ͽ б   å  б ü , л ȣ, л    ¡, л л  ,  ۿ ɷ ϴ  Ѵ"" ϸ, 13 1 ""ġȸ  1 Ͽ 5 ̻ 10   ϵ, ɷ ϴ ٿ  ü ݼ кθüȸǿ   кθǥ Ͽ Ѵ",ش
" ٸ, кθüȸǿ кθǥ ϱ   ִ 쿡 б޺ ǥ  кθǥȸǿ  кθǥ   ִ"" ϰ,   4 ӿ     14 1  ȣ ""б¿ 13 1׿  ġȸ  ش б , ش б   лȰ  ִ ,  13 1׿   кθǥ, ǻ硤˻硤ȣ, ش б ϴ  Ҽ , ǻ ڰ ִ ,  ۿ б   ûҳ⺸ȣ  İ  ǳ   ϳ شϴ  ߿ ش б  Ӹϰų Ѵ"" ϰ ִ",ش
"  ġȸ  ô Ͽ б¿  26 1 ""ġȸ   16, 17  18  л л  ġ ûϴ   ϴ  ̳   Ǵ  ڿ  ش  л Ǵ л ȣ  Ǵ ȣڿ ,  ش  л Ǵ л ģ̰ų ģ̾ ,  ۿ  ش  л Ǵ л ģ ְų  ִٰ ϴ   ϳ شϸ ش ǿ ôȴ"" ϰ ִ",ش
"      ߾ б ⱸ  åӱ簡   ȸ    ִ Ͽ Ǵ, ռ  ٿ  б¿  ġȸ  ô ϰ , б¹ ϴ åӱ簡     θ Ȯϱ  縦 Ͽٴ    26 1 3ȣ  ' ش  л Ǵ л ģ ְų  ִٰ ϴ ' شѴٰ   ( ǿ   ȸ    ȸǿ ڵ鿡  ô, , ȸ    Ͽ ȳϿ   θ ƹ Ǹ  ƴϿ), л ȣ, л   л л   Ͽ л α ȣϰ л  ȸ   ϴ б¿  б л  ġ   ߾ Ϲ Ǳⱸ ޸ ǾȰ ڿ  ü  и ʿ伺 ſ ,  ġȸ б¿ 17 1׿  л  ġӸ ƴ϶   12 2׿  б   å  б ü , л ȣ  ġ, л л    ϹǷ, б¹ ϰ ⱸ μ б ü  ϰų ̿  л л  η   åӱ簡 б¹   ġȸ    ǻ׿ Ͽ л ȣ л      ϴ  ǰ ǥ  ִ  ִ ,   б¿ ش б  б ⱸ  ԰ ÿ ġȸ  Ӹǰų ˵ ڷ    ߾ , б ⱸ  åӱ  ġȸ   ڰ ٰ   ",ش
 ̿ ٸ     κ 嵵  ,ش
   ǰ ȸ ο ƴϿٴ 忡  Ǵ,ش
"б¿ 17 1 ġȸ б ϰų    л Ͽ б 忡    ȣ ġ   ûϿ Ѵٰ ϸ鼭 5 ""ġȸ 1 Ǵ 2׿  ġ ûϱ  л  ȣڿ ǰ ȸ οϴ    ľ Ѵ"" ϰ ִ",ش
" ǿ ־   ȸ   ġ ǰ ûԿ ־      ƴ ο Ͽ Ǵ,   óл   óп ,    л Ǹ  ,   ȸ  ȳ   ΰ    óп   Ȳ  翡 Ұ ռ  ٿ ,   ȸ ȸ  ˸鼭   óп  ƯϿ  ̻    µ Ȳ Ͽ  ̸  ƴϿٰ Ͽ  ǰ ȸ Żǰų  翡 ְ ־ٰ  ƴ",ش
    ȸ    θ𿡰 ǰ  ȸ  οϰ  ν б¿ 䱸ϴ   ƴٰ  Ÿϴ,ش
ᱹ   κ 嵵  ,ش
 ü  忡  Ǵ,ش
 ǿ  óл  忡  Ǵ,ش
"ǰǴ,   12ȣ    ,  ü  ϸ,    óп ǰ  л ҷ Ǹ ߰ ̷ν л Ͽ  ġ  Ͽ ǰ, ޸  , ̴   Ͽ л üŻ ظ ϴ μ б¿ 2 1ȣ  'б' شѴٰ  Ÿϴ",ش
   κ   ,ش
 緮 Ż 忡  Ǵ,ش
"   ,   ü  ߾  , б¿  ġ б¿     , ΰ ϼ ʾ    л鿡      ȸ   ִ ȸ οϱ    ݵ ϹǷ ü ȿ  ġ   Ͽ   緮 ȴ",ش
" ٸ, ġڰ 緮   ġ ȸ ϰ Ÿ缺 Ҿ 緮  ̶ Ǵ 쿡  ó ϸ, л  ġ ȸ ϰ Ÿ缺 Ҿ δ ü ʿ  ġ   б  , ش ġ Ͽ ޼Ϸ ϴ ,  ɿ  ġ    Ҹ Ͽ ǴϿ Ѵ",ش
"ռ  ŵ   ü  Ͽ   ִ    Ͽ ,  ϴ  ϴ     ó ȸ ϰ Ÿ缺    ġ ȤϿ 緮 ŻϿٰ   ",ش
   ݿ  ̴ л   ǻ翡 Ͽ   óп ǰ   Ͽ,ش
"  л б  , ׵  ,  л   ߾ ,   簡 ʿ      ",ش
 ǰԴ л ȣϰ ùٸ ϱ Ͽ б л  ġ ν ׷   Ͽ  ͻ ʿ䰡 ũٰ  ̴,ش
"   ȸ   ÿ   Ǵ ҿ Ͽ, 'б ɰ(4  2, ), б Ӽ(4  1, ), б Ǽ(4  2, ), л ݼ (4  2, ), ȭ (4  2, ) , б¿ 17 1 4ȣ  ȸ ġ ׺    1ȣ   ġ ǰϿ",ش
"   ȸ  Ǵ Ҹ ɻԿ ־  Ͽٰų ȸ ϰ Ÿ缺 Ҿٰ   ٰŴ ,   Ǵ   ÿ  ؿ Ѵ",ش
"  л   óп   Ͽ б Ű   л ظ  Ʒ ʰ ڽ 常 ϸ ų, ̽  'ٻ ϵ ƴ Ϸ Űؼ  ȣ  ', '  Ҽ  )  Ҽ 1 ۵ƽϴ', ' ̾ Ϸ  б л ŰǾ ʹ Ͽ '   Խϴ    óп     ݼ  ƴϴ  µ ߾  , л ȣ Ͽ б¿ 17 1 2ȣ  л  ,     ġ  ʿ伺 ȴ",ش
 Ұ,ش
ᱹ   óп ڰ        û   ,ش
 ,ش
"׷ٸ,       û   Ƿ ̸  Ⱒϱ Ͽ ֹ  ǰѴ",ش
 ó ,ش
  E   ó  Dб( '  б' Ѵ) 1г 2ݿ   л̾,ش
" E    б ǽ ൿ˻ ˻ 'ü ڻȹ   ִ', 'ɰϰ ڻ õ  ִ'  ׸ ǥϿ",ش
 ̿ E θ ǻ翡  E  б ܺα  ޱ Ͽ,ش
" E 濡  ڻ() ȣϿ,  оߴܼ ûϿ,   ܱ ִ б ٴϰ ִ",ش
" E Ӵϴ    б Ʒ   Ե 'Ȳ'( 'E ' Ѵ) Ͽ( ܿ F, G, H, I   л Ǿ, ⼭   κи Ͽ)",ش
<̹1>,ش
<̹2>,ش
<̹3>,ش
"   б б´åġȸ( 'ġȸ' Ѵ)   ȸǸ Ͽ   E  б   ġ,  б¿  å  ( 'б '̶ Ѵ) 17 1 1ȣ  ''   ǰϿ<1>",ش
" ǰ ġȸ  ǰῡ    'E     ֺ л   ̸ ŷе ,  E ߴ  ൿ  E   ü  Ͽ  ٰ  ƴ'   'л  ' ġ ϴ    ó Ͽ",ش
"[ ٰ]   ,  1ȣ,   4ȣ,  8ȣ 2  ,  ü ",ش
   ó ,ش
  ,ش
  ,ش
  ǹ  ,ش
"ȸ Ʒ  (   ' '   ǥϰ,      Īϴ  '  ǰ' Ѵ)   ó ٰŷ ,   , , , ,       ʾҴ¹, ̴  21  ó  ǹ  ̴",ش
"   ó,    ǹ     Ͽ ̷ ġȸ ǰῡ   μ ϴ",ش
<̹4>,ش
<̹5>,ش
 ġȸ ȸǿ ǰȸ ̺,ش
",     б    ǴϿ Ӹ ƴ϶, ġȸ ȸǿ Ⱥ  ʾҰ,   ش   ʴ´ٰ ν,  22 Ͽ  ش   ǰȸ Ż ȴ",ش
" ׷ ġȸ ̸   ǰ Ͽ,   ó   ǰȸ 忡    Ͽ ̷ ġȸ ǰῡ   μ ϴ",ش
 ü ,ش
"ǰ   ó ٰŷ  ü ǰ E   ν ̸   ,   ǰ õ  б¿  б¿ شѴٰ   Ƿ,   ó óл  ʴ´",ش
  ,ش
  ,ش
 Ǵ,ش
   忡  Ǵ,ش
"  3 1 'ó, Ű,  Թ,     Ͽ ٸ  Ư  ִ 츦 ϰ   ϴ ٿ ",ش
" ' ϴµ, б¿ 17 5 'ġȸ б 忡 л  ġ ûϱ  л  ȣڿ ǰ ȸ οϴ    ľ Ѵ",ش
" Ͽ, ġȸ ȸ  Ͽ   ϰ ִ",ش
"  б¿ 17 1׿  ġȸ ǰ    ȣ  ó ûϸ,   6׿  ǰ ׿ شϴ ó ϵ Ǿ Ƿ, ġȸ ȸǿ  ǰ ü óп شѴٰ  ƴ",ش
" ġȸ ȸǿ ؼ óп    21 1, 2   , ٸ б¿ 17 5׿  л      ֵ    ġȸ ȸǸ Ͽ ǴϿ Ѵ",ش
"  5ȣ   2ȣ    6ȣ,  10ȣ      ü  Ͽ   ִ   ,  (1)  ӱ E   Ͽ  ӴϿ, ' б ޽Ľ  ϸ鼭 E ', ' E ϰ ', ' E ܸ ϴ ٸ л  Ͽ'   б Ű  ȭ ˷Ȱ, ׿ ؼ    ض     , (2)   б  б ⱸ ȸǸ ϱ Ͽ  ӴϿ б   ûϿµ,  Ӵϰ   ûԿ    ̷ E  ϴ Ȳ   ǰ ̷ , (3)    ռ  , , , , ,   Ͽ ڽ      б  , (4)   θ ġȸ ȸǿ Ͽ  ʿ    ǰ   ڽŵ ǰ ϱ⵵    ߾ ,   ġȸ ȸǰ غǴ ߿ Ǵ ġȸ ȸ  E      Ͽų ǰ ȸ ο ν ڽ    ϴ  ߻Ͽٰ  ƴ(   ǰ   Ǿ  Ͽ Ѵٰ ϳ, ռ  ŵ鿡 ϸ, ġȸ E     ü 'б' شϴ Ͽ иϰ,  ռ  ٿ    뿡 ϴ   ǰ ߺǰų ǥ ̿ Ұ  Ƿ,  E Ͽ 11""""  Ͽ,     ͵̾   Ǿ,  ׿ Ͽ ǰ ȸ  ̻ б¿ 17 5׿       ֵ    ġȸ ȸǰ ֵǾٰ  Ÿϴ)",ش
       ,ش
 ü  忡  Ǵ,ش
   ,ش
"б¿ б  å ʿ  ν л ȣ, л   л л   Ͽ л α ȣϰ л  ȸ   Ѵ(1), б¿ 2 1ȣ ""б"" ""б ܿ л  ߻ , , , , 롤, Ѽա, , 䡤 ɺθ  , , ̹ , Ÿ ̿    Ͽ ü Ǵ  ظ ϴ "",   12 """" ""б ܿ 2 ̻ л Ư̳ Ư л  ̰ų ݺ ü Ǵ ɸ  Ͽ    ϴ ü ""  ϰ ִ",ش
"л ȣ, л   л л   Ͽ л α ȣϰ л  ȸ Ϸ б¿ Թ    б¿ ؼ ȣϰ  ó Ұϴ",ش
" , б¿  ġ б¿     ϸ, ΰ ϼ ʾ    л鿡      ȸ   ִ ȸ οϱ    ݵ ϹǷ ü ȿ  ġ   Ͽ б   緮 ȴ",ش
 Ǵ,ش
"ռ  ŵ  6ȣ,  9ȣ 1  6  翡  ü  Ͽ   ִ   ߾ ,  E   ǰ  ൿ  Ͽٰ   ְ, ׷  ൿ  б¿ 2 12ȣ  """" شϴ μ,   1ȣ  ""б"" شѴٰ  Ÿϴ",ش
"    ó ϰ, ̿ ٸ  ϴ  ü    ",ش
" E    Ȳ   л̾ H, P, O, M, L, Q ۼ Ȳ 翡 Ͽ ޹ħȴ",ش
" Ư, H, M  Ȳ, ռ  ,   Ͽ E   Ȳ  ġϴ  Ͽ, L ռ      Ȳ Ͽ",ش
"    E    Ǳ ǰ߼ (""      л ٿ ָ Ⱦ ϸ    ʴµ  A л Ⱦϴ ǥ  E     Ǿ",ش
""") Ͽ ޹ħȴ",ش
  ġȸ ȸǰ   Ʒ   Ե    б Ͽ,ش
"      κп E   ڽ ൿ  ؿ Ե ̰ų ڽ   ̶  Ͽٰ ϴ, Ʒ   κ  ڽ ൿ  E  Ǿ  ־ ϴ ̴",ش
" ,  E ȣϰ ִ    ¿  ؿ  Ϸ   δ",ش
<̹6>,ش
"  Ǹ  ȹ E   ƴϰ, E ذ  ̿ ٸ л  ʷ  ũٰ ϴ, E E  ݺ  л ϸ鼭  ൿ  ü ϰ ִ ,  ؼ ' ó ְ  ൿ Բ յ ֵ ൿ   ó, ¡踦 ûմϴ'    ߾ , E  ൿ  Ͽ       δ(ռ  """" ǿ ߾ , л E   ޴ Ȳ ߻Ͽ, ű⿡   κ Ͽ Ǵ ̻ μ б л شѴٰ  ̴)",ش
 ,ش
"׷ٸ,  û  Ƿ ̸ ⰢѴ",ش
 ó ,ش
  E( 'л'̶ Ѵ) Բ Dб 1г 3ݿ  ̾,ش
" Dб( 'ش б' Ѵ) б´åġȸ( '  ġȸ' Ѵ)  Ʒ   (   ƯѴ) 'б' شѴٰ ,  б¿  å  ( 'б¿'̶ Ѵ) 17 1 (1ȣ), л  ,    [(2ȣ)] 3  9׿     ȣڿ  Ư 4ð ̼ ġ   ǰϿ",ش
<̹1>,ش
 ǰ   ǰῡ  ó( Ư ̼   ġ '  ó'̶ Ѵ) ϰ ̸  Ͽ,ش
"[ ٰ]   ,  ,    ,  ü ",ش
  ,ش
  ,ش
   ó  ,ش
   忡  Ǵ,ش
  ,ش
"  ġȸ Ʒ   б¿ 13 1׿ Ͽ ǾǷ, ϰ    ġȸ ǰ ϰ, ̿ ٰ   ó  Ͽ ҵǾ Ѵ",ش
"   ġȸ кθ кθüȸ(кθȸ)   ʾҰ,   ĺ   Ұ, 缱     ġ ʾҴ",ش
 б´åġȸ ü ݼ кθ ؾ ϴµ   ġȸ  10  кθ 5 ҰϿ ݼ ̴Ѵ,ش
 ,ش
"    ̿  ų  4  8ȣ(ȣ ִ  ȣ ,  )     ü  Ͽ ȴ",ش
 ǰ  Ʒ   '  ġȸ  ȳ' кθ鿡 ߼Ͽ,ش
<̹2>,ش
<1>,ش
 ǰ  Ʒ   '2018г⵵   кθȸ ȳ' кθ鿡 ߼Ͽ,ش
<̹3>,ش
" ǰ    ġȸ  濡  Ʒ    縦 Ͽµ,     ġȸ    3,  1, кθ 5  9     ÷εǾ ־",ش
<̹4>,ش
"   ġȸ кθ   Ϻ кθ  ' кθȸ   ġȸ кθ Ͽ,  5 ĺڰ  ڱҰ  , кθ  ˿ Ѵٰ Ͽ ڼ ġ    ġȸ кθ ⿡ Ͽ'  Ȯμ ۼϿ",ش
" ش б Ģ    ġȸ õ ( '  ġȸ '̶ Ѵ) ϸ, '  ġȸ , Ȱ, λ, , б , кθ 5   10 Ѵ'(4 2) Ǿ   кθ ⿡      ",ش
 Ǵ,ش
" б¿ 13 1  'б´åġȸ  1 Ͽ 5 ̻ 10   ϵ, ɷ ϴ ٿ  ü  ݼ кθüȸǿ   кθǥ Ͽ Ѵ' ϰ ִ",ش
" ׸ б¿ 13 1  ӿ  б¿  14 1 б´åġȸ  ش б  'ش б , ش б   лȰ  ִ , б¿ 13 1׿   кθǥ, ǻ硤˻硤ȣ, ش б ϴ  Ҽ , ǻ ڰ ִ ,  ۿ б   ûҳ ȣ  İ  ǳ ' ߿ Ӹϰų ϵ ϰ ִ",ش
"   ǿ ϸ,   ġȸ кθ 5   ֵ кθȸ Ǿ,   ġȸ    ġȸ  ޸  3,  1, кθ 5  9 Ǿ,   ġȸ   б¿      ߸ ",ش
"  Ϻ кθ ۼ Ȯμ ź   Ƿ кθ кθȸ  Ǿٰ   ٰ ϳ, ̴  ȮεǴ ǰ ۼ   ġǴ ̾ ޾Ƶ  ",ش
" ⿡ Ͽ Ʒ   Ͽ ,   ġȸ       鸸δ   óа Ͽ  ڿ شϴ  Ѵٰ   ",ش
    κ   ,ش
" ռ 캻 ٿ     ġȸ      9 Ǿµ, ̴ б¿     ϴ   شѴ",ش
"        ġȸ   ʴ  ̳,    ġȸ    ϸ   ü кθ ݼ ش ʰ Ǿ б¿     ϰ ȴ",ش
    ġȸ  ޸  Ǿٰ Ͽ ̸  ڿ شѴٰ  ƴ,ش
" б¿   ɰ   ġȸ  θ 캸,   ġȸ кθ   ϴ ٿ  ĺ   Ұ, 缱    ʼ 䱸ȴٰ  ʴ´",ش
     ؼ ټ Ͽ ̸ ΰ   ġȸ   ü  ڰ ִٰ   ,ش
" ǰ  кθȸ   кθ鿡   ġȸ кθ   ȳ  ,    б¿    ؼϱ  ߴ  δ",ش
"  ڼ ϴ  кθ ϴ  ϴٴ ε ϳ,   ٸ ݴ ǰ  Ŀ Ͽ Ư  ٰ ٸ,    ü   ü ϴٰ ϱ ư, ޸  ٸ  ã ƴ",ش
 óл  忡  Ǵ,ش
  ,ش
  óп شϴ     л ̿ ϻ ̷ 峭 ҰϿ б¿ شѴٰ   ,ش
 Ǵ,ش
  ̿  ų       ü  ϸ Ʒ  ǰ踦   ִ,ش
"  2 ؼ, '  濡 G   ְ  İ ó ߴ",ش
" л    뿡 ߾ ,   ֵ ʾҴٰ ϴ ٸ л   ϰų л  ع  ִ Ȳ ٰ δ",ش
" ̴ л Ͽ ü    ִ  򰡵Ǳ ϸ, ̸ ܼ   л ̿  峭 Ұϴٰ   ",ش
  F л    鿡 Ͽ ȸ  ġ ޾Ҵ,ش
"  1 Ͽ F л Ͽٰ   ٴ  ϳ,   ġȸ ȸǷ   ߾ ,  F л 迡   1 б¿ شѴٰ Ǵ  ƴϴ",ش
   F л     Ͽ  ̿  ġ ʿϴٰ ǴϿ ׿   б  ̴,ش
  б  1  л  ߴٴ  Ͽ,ش
" л  2 ٸ л  ģ  ظ ް Ǿ,  ׿  Ȳ ǵϿ 2   δ",ش
" б¿ 'б'  'л'  ǿ  Թ  ϸ, б¿ б   ŵ Ӹ ƴ϶, ̿ ش ʴ л Ͽ ü Ǵ  ظ ϴ μ   ̳  л ȣϰ л   ʿϴٰ   ̶ б¿ شѴٰ ƾ Ѵ",ش
ռ  ٿ   ֵ л ų ɰ ü ظ ߱ϴ   ʾҴ л 忡     л ׿     ޾ л ε    ִ,ش
 ׷Ƿ    ܼ 峭 ƴ лԴ     ˸ ׿ Ͽ  ʿ䰡 ִ ̻   б¿  'б' شѴ,ش
     峭 Ұϸ б¿ ش ʴ´ٴ    л  ( 2   23ȣ)   б¿ ش ʴ´,ش
   ,ش
    κ   ,ش
 緮 Ż 忡  Ǵ,ش
  ,ش
"óл ȴ ϴ,       ִ , л ȣ   Ͽ  Ϻ л鿡 ؼ  ġ ̷ ,    бȰ ؿ   ߾ ,   ó 緮 Ż  ó̴",ش
 Ǵ,ش
" б¿ ,     ߾ , ش б  б л Ͽ  ġ   δ б  Ǵܿ  緮 ϰ, б¿  ġ ȸ ϰ Ÿ缺 Ҿ 緮 ŻϿ δ б  , ġ Ͽ ޼ϰ ϴ   Ͽ ǴϿ Ѵ",ش
"  ϴ   ϴ б¿ ,   ׷  л  ȣ ʿ伺  Ʒ     ,   ó ȸ ϰ Ÿ缺    ġ ȤϿ  緮  Żϰų 緮  ̶   ",ش
    κ    ,ش
"   ġȸ   'б ɰ' ''(1), 'б Ǽ' ''(1), 'б Ӽ' ''(0), 'л ݼ ', 'ȭ' 'ſ '(0)    2 Ͽ  Ͽ  ġ ǰϿ",ش
 ̴ б л ġ  α á 2 1 [ǥ]  'б л ġ  α' ߾     δ( : 1~3),ش
 б»ǿ б ɰ Ͽ  ڵ  ְ   繵 ٸ,ش
     л 忡  Ƿ  л ̿    ִ ܼ 峭 Ұϴٰ   ִ,ش
 ׷ л ۼ   л л  ൿ̳   ɰ   ޾   ִ,ش
"л  л   ̸ 峭 ޾Ƶ鿴ٸ   ʾ ̰,   ߻ϴ ܺ Ÿ  ƴ ׵  ڹ ȭظ   ذϿٸ ׷   ׵ ϴ Ⱑ Ǿ  ־ ̴",ش
 ׷  ǿ л ׵   лκ  ϸ鼭 ұ ϴٰ 2   ׵ ־ л  Ͽ б Ű  ̴,ش
     б 1г лμ ΰ Ǵ  ־ ڽ ൿ ɰ ν  ä   ó  Ͽٰ ϴ ׿    ʿ伺    Ͽ  ޾ л  ȣ ؼ л   ʿ ּ ġ δ,ش
"  л  ,     ġ   л ̿   Ư    ġ  ̴",ش
 Ұ,ش
 б  Ͽ ǰ 緮   ̷   ó ᱹ ϴ,ش
 ,ش
 û  Ƿ ̸  Ⱒϱ Ͽ ֹ  ǰѴ,ش
 ó ,ش
  Dб( '  б' Ѵ)   л̴,ش
 ǰ    ӱκ б» ߻Ͽٴ Ű ް ̿  縦 ǽϿ,ش
"   б б´åġȸ( '  ġȸ' Ѵ)  ȸǸ Ͽ  Ʒ  ( '  ¡' Ѵ) Ͽ '⼮(4), л  ,    , Ư̼   ȣ Ư̼ '  ġ ǰϿ",ش
"    E л F,  б ü ̵鿡 8   ĺ 9 ù ֱ,    ǿ,",ش
 ׸  弳 л鿡  ̰  弳 Ͽ  б л   Ʈ Ͽ,ش
 ǰ   Ͽ   ¡    ġȸ ǰ   ó( '  ó'̶ Ѵ) Ͽ,ش
"[ ٰ]   ,  1ȣ ,  1   (ȣ ִ  ȣ )  ,  ü ",ش
 ǰ   ׺  Ǵ,ش
 ǰ ,ش
"   ó  ⼮ κ ̹   ǾǷ, ̿  Ҹ    ",ش
   ó  ȣ Ư̼  κ   ġ ƴϹǷ ϴ,ش
 Ǵ,ش
 ù ° 忡  Ǵ,ش
   óп  ⼮ 4     ̿  ,ش
" ʡߵ 25 1׿ ϸ, б  л о뵵 μ   Ͽ л  б л ߿ Ȱ  ֵ , Ȳ, ൿƯ  ǰ  бȰϺο ۼϿ ϰ,  ʡߵ Ģ( η 177ȣ Ǳ  ) 21 1 3ȣ, 24 3  2ȣ  бȰ ۼ  ħ 8 4, 18 4  ϸ, б  Ȳ 'Ư'  б¿  å  (  16441ȣ Ǳ  ,  ' б¿'̶ Ѵ) 17  л  ġ ԷϿ ϵ,   17 1 6ȣ شϴ ġ  л  κ 2  Ŀ Ͽ Ѵ",ش
"    Ͽ ,   б   μ  б  κ 2   ȰϺο ⼮ 4  簡 ν  б п ־    ְ, ̴ ǻ  Ѿ  Ϳ شѴ",ش
"    Ͽ   óп  ⼮  Ǿ ϴ, ̷  쿡    ó  ⼮ κ Ҹ    Ƿ, ̿  ǰ   ",ش
  ° 忡  Ǵ,ش
"  б¿ 17 1 5ȣ, 3 л  Ͽ л   ִ ġ  ϳ   Ư̼ ϰ ְ,   17 9 ġȸ л Ư ̼  ش л ȣڵ Բ  ް Ͽ Ѵٰ ϰ ִ",ش
"    İ 뿡 ߾ ,  б¿ 17 9׿  л ȣڿ  Ư̼ ġ л  Ͽ Ư ̼ϴ  ش л ȣڿ   ޼ϱ Ͽ õ μóμ л Ư ̼  ϹǷ, л  óа  ϰų   ִ  ƴϴ",ش
"  л  Ư ̼ ó ȿϿ л Ư ̼ϴ  ش л ȣڴ    óп  Բ  ޾ƾ ϴ ̰, л  Ư ̼ ó Ͽ ҵǰų ȿ Ǿ л Ư ̼ ƴϰ Ǵ  ش л ȣڿ  Ư  ̸ ̼ϰ  ٰŸ ϰ Ǵ ̴",ش
"    ó  ȣ Ư̼ κ      θ     ٰ  ŸϹǷ, ̿  û     ",ش
   ó  ,ش
   ,ش
  ,ش
"   ó  ۼ  ʷ  ε,   б л   ¡ ϸ鼭 ӱκ  ü Ѱܹ޾  ¥  θ 鼭 ҷִ  ޾  Ͽ,   ۼϰ Ͽ",ش
  кθ ǰ    ¡  Űڰ    ̸  ˷ ʾҴ,ش
   ġȸ     ˰ ִ л Ͽ,ش
   ¡ л  кθ  ¡踦  ƴϿµ ¡ Ͽ,ش
 ǰ    ġȸ л Ǵ  кθ ⼮Ű ƴϿ,ش
 ǰ  л Ǵ  кθ鿡   óа  ƴϿ,ش
" ǰ    ¡   Ե  ü   ġȸ ν   ġ  ִ  ưǷ,  Ŵɷ Ǿ Ѵ",ش
" Ƶûҳ ȣ   34 2׿  ʡߵ б ٹϴ б   Ƶûҳ   ߻ ˰     ŰϿ  ǹ Ƿ, ǰ   ¡    Ű ϰ   ٷ ¡踦 Ͽ Կ, ٷ ¡踦  ߸ ִ",ش
   ó  ⼮ ó  óм  ۴޵Ǳ⵵  ̸ Ǿ,ش
 ü ,ش
"  ó    Ͽ л  ¡踦  ʴ´ٴ   ߾, ġ Ͽ  Ģ ȴ",ش
 ,ش
   ,ش
 Ǵ,ش
   忡  Ǵ,ش
() ¿   ۼ ,ش
" ۼ ( 4ȣ )   ƴϸ 縮 ˱   ְ,  ڽ   κ  ʾҴٰ Ǿ ִ  ߾ ,   б л     ۼϰ Ͽٰ  ƴ",ش
   κ   ,ش
 Ű   ,ش
"ǰ   кθ鿡 б Űڸ ˷־ Ѵٴ ٰ  ã  Ƿ,  κ   ",ش
 л  ,ش
" б¿ 13 1, 4,  б¿ (ɷ 27129ȣ Ǳ  ) 14 1׿ , ġȸ  شб , شб   лȰ  ִ , кθǥ, ǻ硤˻硤ȣ, ش б ϴ  Ҽ , ǻ ڰ ִ , ׹ۿ б   ûҳ⺸ȣ  İ  ǳ   1 Ͽ 5 ̻ 10   Ѵٰ ϰ  , ޸ ġȸ л Ѿ Ѵٴ ٰ  ã  ",ش
   κ   ,ش
" л  кθ  ƴԿ ¡ Ͽٴ   б¿ 13 2׿ л Ǵ  ȣڰ ûϴ (3ȣ)  ƴ϶ б ߻  Ű ްų  (4ȣ) ġȸ  ϰ ְ, л кθ    ϰ  ʴ",ش
" ٸ   16441ȣ   б¿ 132 л   ȣڰ ȸ( б¿ ġȸ) ָ  ƴϰ, б  ʴ   б , б  б» ü ذ  ִٴ  żϿ,   Ģ 2 1 ܼ   ż  ǹǷ,   ̷   óп  ʴ´",ش
  κ   ,ش
 л  кθ ġȸ ⼮ȸ Ͽٴ ,ش
" б¿ 16 1, 2, 17 1, 5, ġȸ л ȣ  ʿϴٰ ϴ   ġ б 忡 û  ְ, ׷   л   ȣڿ ǰ ȸ οϿ Ѵٰ ϰ ְ, л  ġ б 忡 ûϴ 쿡 л  ȣڿ ǰ ȸ οؾѴٰ ϰ  , л  ġ ûϱ  л   ȣڿ ǰ ȸ οϿ Ѵٰų ġȸ ȸ Ͽ Ѵٴ   ΰ  ƴϴ",ش
" ڿ 캸,   ġȸ   ǰ Կ ־ л ȭؿθ  ϿǷ, ġȸ л  кθ Ű ʾҴٰ    ִٰ   ",ش
  κ   ,ش
 л  кθ鿡  óа  ǹ  ,ش
"ǰ  л  кθ鿡   óа ˷־ Ѵٴ ٰ  ã  Ƿ,  κ   ",ش
  Ŵɷ ,ش
"      ¡   ԵǾ ־ ϴ, ׷    Ŵɷ ô    Ƿ,  κ   ",ش
  Űǹ  ,ش
"ûҳ ȣ   34 2 ʡߵ б ٹϴ б   Ƶûҳ   ߻ ˰     ŰϿ  ǹ ִٰ ϰ ְ,   67 4   Űǹ ϴ  300   ·Ḧ ΰϵ ϰ ִ",ش
"׷     Ƶûҳ   ڸ ȣϱ    ڸ   ƴϰ, ¡     ޸ϴ  μ ¡ڰ ݵ  ӵǴ ͵ ƴϹǷ, ǰ  Ű ϱ    ó  Ϳ  ߸ ִٰ   ",ش
  κ   ,ش
 óм ۴   ,ش
" ǰ    ó   ռ ٿ ,   ,  9ȣ      ü  ϸ, ǰ    𿡰 '  óа ߼ߴ",ش
" ⼮ 4, л Ư 20ð, ȣ Ư 5ð̴",ش
 Ư ̴,ش
"  ڸ޼ ߼ , ǰ    η   ",ش
14,ش
" ⼮  뺸 , ̿    4  ⼮  ƴ , ǰ   κ ó   ߴٴ Ǹ ,   𿡰   óм Կ  ڸ޽ ߼ ,   óм   ּ ۴޵  ȴ",ش
"  ִ ó  Ư    ǻǥ Ϲ    ó 濡 Ǿ ȿ ߻ϰ(   200911706 ǰ  ),  15 1 ۴ ٸ   Ư  ִ 츦 ϰ ش  ۴޹ ڿ ޵ν  ȿ ߻Ѵٰ ϰ ִ",ش
"ռ      ߾ ,   ó ȿ óм    ߻ϴ ̹Ƿ,   ⼮    ó ȿ¹߻  ̷  ű⿡   ִ ϴ, ó ü     ǴܵǾ ϹǷ, ̷ ⼮ ࿡  ִٰ Ͽ ٷ   óб ٰ   ",ش
   κ   ,ش
 ü  忡  Ǵ,ش
"  б¿ 17 1׿ 'ġȸ л ȣ л  Ͽ л Ͽ   ȣ  ϳ شϴ ġ   б 忡 ûϿ Ѵٰ ϰ, л  Ű л  ,    (2ȣ), г   Ư ̼ Ǵ ɸġ(5ȣ), ⼮(6ȣ) Ͽ 9 ġ ϸ鼭  ġ   ɷɿ ϰ ְ,    19 л  б ɰӼǼ(1ȣ), л ݼ (2ȣ), ش ġ  л  ɼ(3ȣ), л  ȣڿ л  ȣ  ȭ (4ȣ), л л (5ȣ) Ͽ ġ   ϵ,     ÷ ϵ ϰ ִ",ش
" б л ġ  α ( ΰ 2020-218ȣ Ǳ  ,  '  ' Ѵ) 2 1, [ǥ] б ɰ, Ӽ, Ǽ, л ݼ, ȭ   5 ⺻ Ǵ ҿ Ͽ 0~4  ϰ, ⿡ ش ġ  л ɼ  л ȣ Ͽ ġ  Ǵ   ֵ ϰ ,  л  Ű л ȣ ʿ   л  Ű л  ,       ְ, л  ʿ  г   Ư̼ Ǵ ɸġḦ   ִ",ش
"    ,     Ͽ , ش б  б л Ͽ  ġ   δ б Ǵܿ  緮 ϰ, б¿  ġ ȸ ϰ Ÿ缺 Ҿ 緮 ŻϿ δ б  , ġ Ͽ ޼ϰ ϴ   Ͽ ǴϿ Ѵ",ش
"   , 뿡ٰ ռ   ſ Ͽ Ǵ Ʒ     , Ͽ ,   ó ȸ ϰ Ÿ缺    Ģ Ͽ ǰ  緮 Ż ̶  ƴ",ش
" л α ȣϰ л  ȸ ϱ  б¿  ϸ, б¿ ؼ 쿡  ȣϰ  ġ Ұ 찡 Ƿ,  б  ġȸ û     Ͽ  ¡ó  ߵ ʿ䰡 ִ",ش
"   ġȸ ġ  Ͽ б ɰ, б Ӽ, б Ǽ  (3), л ݼ, ȭ  (1)  հ 11[=(33)+(12)]  Űµ,   ÿ ϸ ̴ ⼮ ġ شϴ ̴",ش
"   ϼ  ʼ ̿ ټ ޻    ߾ ϰų,  ġ   弳 Ͽµ ׷  л    Ʈ ޾  δ",ش
 Ư  ߾ л  ƴ϶ ֺ л鿡Ե ùٸ  ǽ    ִ,ش
   ð ̷ ٸ л鿡 нظ ʷϿ  ƴ϶ ش   ⸦ ƴ,ش
    Ȱ ð Ҷ ൿ     ִ ൿ ӱ κ ʿ ģ   ޾ ൿ  ʾҴ,ش
"   Ͽ ,   ġȸ б ɰ, б Ӽ, б Ǽ   ̶ Ǵ   ",ش
"   ġȸ  ڽ   ݼϰ ְ, л  ,     µ  ݿϿ   ݼ   ȭ     Ǵ ͵  ",ش
" Ͽ ռ  л Ծ  ,  Ӽ, ɰ  ϸ, л ȣ    ʿ伺  ȴ",ش
    κ 嵵  ,ش
 ,ش
"׷ٸ     ȣ Ư̼  óп  û κ ϹǷ ϰ,   û  Ƿ Ⱒϱ Ͽ ֹ  ǰѴ",ش
 ó ,ش
"  A 2017⵵ Fб( '  б' Ѵ) 1г 4ݿ,  D  б 1г 3ݿ, G  б 1г 6ݿ  Ͽ",ش
    б α  ǽڿ Բ ϴ ̷   б ģ G  ȣڴ    б G κ   ü  Ͽٸ鼭 б ŰϿ,ش
" ǰ    б б´å ġȸ( 'ġȸ' Ѵ) Ǹ   鿡 ' H, I, J, K  13",ش
" G 3   Ͽ,    ϱ   ã  G ü  Ͽ",ش
" ġο Ͽ б   å  ( 'б¿'̶ Ѵ) 17 1 2ȣ  'л  Ű л  ,    ' ġ,   17 1 6ȣ  'б⸻ ⼮' ġ( '  ó'̶ Ѵ) Ѵٰ  Ͽ",ش
"[ ٰ]   ,  3ȣ(ȣ ִ   ȣ ,  ),   7ȣ  ,  ü ",ش
   ó  ,ش
  ,ش
" ' A G Ӹ 6~8 ġ  ٸ ߷ á,  D G  ϶  Բ  Ӹ ȴ' G  ġ  μ  G   ƴ϶   ̹Ƿ ش κ б   ",ش
" G    г븦  Ͽ,  б Űϱ ؼ   ãƿͼ ڽſ   ûϰ  ,  G     б  ̷  ƴ϶ ǰ      濡 ̷ ,  ۿ  G    ߾ ,   ó   Ͽ   ʹ ſ  н ɰϰ ħϴ μ  Ģ ȴ",ش
  ,ش
    ,ش
 ,ش
" 1   8ȣ  ,  ü  ϸ   ȴ",ش
9,ش
 ġȸ ȸǷϿ ϸ    Ʒ ,ش
 G    б   4 ģ  б  L ڽ 踦 о Ҵ,ش
 G ' A ̻ ҹ  ٴϸ  Ѵ,ش
 ŷ ̳   ϰڴ,ش
   A L ãư G 踦 ߱ϰ ̸ Ͽ,ش
  A ٸ л  ħ  Ȳ Ͽ G ȭϴ  G    G  ϰ  ⸦ Ͽ,ش
 ġȸ  G и ʿ伺 ǳ   нų  б  ǻ ؾ ϰ G θ 鿡       Ͽ 鿡  ⼮ ϸ鼭   ʴ ѿ  Ⱓ ϰ ʱ ״   ֵ ϸ Ǳ G ġ ʰ    ϵ ó Ͽ,ش
"    óп  ⼮ Ⱓ  б⸻̰, ⼮ Ⱓ  ', , ʰ'   ð Ǹ,  ⼮ Ⱓ  ø  ⼮   óȴ",ش
   G   Ȳ    G  Ʒ ,ش
 G  ,ش
" 濡  A ̾߱⸦ ϴٰ  ݰ  ̸  ߰,  A 弳 ϸ鼭 Ʈ ",ش
  A   忡   A    ̾߱⸦ ؼ ۿ  ݰ    Ͽ,ش
  A,ش
 б  ,ش
濡 G      ʹ ȭ   г  ʾҴ,ش
 ε 𸣰  ִ  ֽ    ,ش
 Ͽ G ߱ϴٰ G '߸ °ڴ'   G Ӹ 4~5  ȴ,ش
 ġȸ ⼮ ,ش
ó    ,ش
" ׷ G  濡 ãƿ  ϸ鼭  ݰ ޶ Ͽ, ó   G  ޶ Ͽ",ش
 N б  ߸   ݰ ¾Ƽ 翬 ̶ Ͽ,ش
 ׷ ̹ ϵ ū  ƴ϶ Ͽ,ش
  D,ش
( 8,ش
 б  ,ش
